137.69984436035156	363.8774719238281	-460.8644104003906
-765.77392578125	-20.998149871826172	-271.1430358886719
37.4537353515625	155.3148193359375	-188.14166259765625
-418.279541015625	-39.933895111083984	269.1710205078125
-64.62433624267578	53.959571838378906	58.455448150634766
-119.4005126953125	400.11602783203125	-193.78736877441406
140.4976806640625	355.5888366699219	447.2266540527344
279.91253662109375	625.2801513671875	-334.84765625
-693.8931884765625	-244.82174682617188	27.415847778320312
-23.892803192138672	-24.59979820251465	-30.55653190612793
-1822.4588623046875	-584.353271484375	-808.0443115234375
-8.224526405334473	-6.104833602905273	-8.60468864440918
-42.23834991455078	93.73289489746094	130.9310302734375
-79.63813781738281	-66.8515396118164	-126.97758483886719
-15.861698150634766	51.11200714111328	102.39803314208984
-326.58636474609375	1107.283935546875	-427.80902099609375
8.84518814086914	-122.87301635742188	-180.59361267089844
-592.5265502929688	322.0013427734375	-694.5701904296875
-702.5023193359375	521.5711059570312	616.9642333984375
940.867431640625	1118.9119873046875	-339.9970397949219
-185.98287963867188	399.32489013671875	-18.044620513916016
-481.54156494140625	1492.788818359375	-1142.4124755859375
-2422.35107421875	-1433.761474609375	-1365.1689453125
-79.079833984375	355.7026672363281	-185.3688507080078
-846.1511840820312	-93.61006164550781	-350.68621826171875
-1018.6688842773438	58.44689178466797	-1004.415283203125
-1070.517578125	731.83447265625	-1378.2294921875
140.21133422851562	354.8647155761719	446.3173828125
-45.79972457885742	-78.1108169555664	-109.13203430175781
-168.16659545898438	192.5317840576172	188.7887725830078
-1716.178955078125	-423.0317077636719	120.02999114990234
-1108.94970703125	139.7119903564453	-545.4996948242188
-295.6276550292969	717.3161010742188	-546.5885009765625
-402.29998779296875	710.0819091796875	-1234.819091796875
97.20140075683594	245.83633422851562	-200.54745483398438
-16.10903549194336	-12.114302635192871	-16.813377380371094
154.74899291992188	191.97329711914062	396.69793701171875
61.63249206542969	-36.99652099609375	-69.59579467773438
-321.201416015625	-411.32421875	-349.01617431640625
-4.9681549072265625	11.83675765991211	21.779619216918945
402.42010498046875	800.9041137695312	83.10363006591797
-137.30027770996094	81.93898010253906	154.23593139648438
1699.1820068359375	1116.191162109375	618.5646362304688
402.42010498046875	800.9041137695312	83.10363006591797
0.1147165298461914	-1.224593162536621	-1.7112236022949219
98.24110412597656	121.56874084472656	-170.12612915039062
-805.8822631835938	68.43850708007812	-1052.174072265625
-537.4912109375	1727.0499267578125	-428.0740051269531
-301.18280029296875	414.19451904296875	-693.5681762695312
-29.420223236083984	693.6390380859375	-395.0553894042969
573.6932373046875	158.04226684570312	-16.112319946289062
-138.77764892578125	1269.35986328125	-457.1796875
-3.1365444660186768	-5.233165740966797	-8.736894607543945
7.5919647216796875	5.568116188049316	10.857694625854492
-372.6969909667969	1833.7283935546875	-1545.128173828125
-5.205976963043213	-4.000747203826904	-5.428193092346191
383.51470947265625	-316.8374328613281	-768.1197509765625
-10.099084854125977	-7.71639347076416	-10.539634704589844
340.22515869140625	626.3745727539062	-85.7361068725586
107.34136962890625	220.9362030029297	-110.8612289428711
-1430.166748046875	-952.85302734375	-607.591064453125
652.7113037109375	270.11090087890625	-123.28134155273438
136.52764892578125	-48.9409065246582	-101.6195297241211
11.352333068847656	52.2538948059082	-65.04383087158203
2235.396484375	1564.1346435546875	1363.4425048828125
-742.2448120117188	981.4345703125	-1334.0810546875
223.7811279296875	933.5699462890625	-423.45208740234375
-808.56103515625	329.23468017578125	335.26043701171875
-413.44476318359375	1252.720458984375	-911.3214111328125
10.940305709838867	50.845821380615234	127.51042175292969
13.666326522827148	386.7470703125	-470.064453125
564.3148193359375	707.4176025390625	-18.39190673828125
13.666326522827148	386.7470703125	-470.064453125
6.186807632446289	28.626062393188477	72.57550048828125
235.88723754882812	506.3131408691406	392.05950927734375
183.32028198242188	432.0421142578125	-378.58489990234375
-866.632568359375	1546.6942138671875	-1031.8638916015625
503.21160888671875	7.457082748413086	-184.26675415039062
1.0594730377197266	0.7915258407592773	1.1096124649047852
30.96157455444336	66.34617614746094	168.18026733398438
129.76614379882812	546.4922485351562	-633.574462890625
-20.2685604095459	429.3061218261719	-537.6654663085938
-73.03608703613281	94.48957061767578	124.37589263916016
12.301467895507812	26.470447540283203	67.11962127685547
1441.5257568359375	214.91290283203125	-179.5947723388672
1119.0848388671875	1459.46484375	1434.384033203125
-18.006120681762695	-20.07929801940918	-23.693593978881836
-1723.126220703125	-1368.12060546875	-975.5404052734375
-160.0390625	66.74272155761719	143.04946899414062
-395.17974853515625	193.095947265625	147.32998657226562
-366.8980712890625	202.54644775390625	162.4027099609375
129.6075439453125	337.0221862792969	-320.46435546875
321.604736328125	640.638916015625	-535.2144165039062
409.1082458496094	516.580078125	49.4815673828125
340.22515869140625	626.3745727539062	-85.7361068725586
-529.33544921875	531.3109130859375	-1155.6839599609375
-760.2600708007812	293.37725830078125	65.97331237792969
-1281.167236328125	-721.2025756835938	-202.36830139160156
135.41136169433594	-20.309383392333984	-1249.73876953125
-141.5355224609375	346.61083984375	-133.50146484375
-58.477867126464844	138.00701904296875	-69.64144134521484
-947.6236572265625	104.0505142211914	-738.5833740234375
1400.726318359375	1379.4447021484375	1083.67626953125
-1255.6829833984375	499.8984375	-652.3218994140625
346.1733093261719	692.9239501953125	-299.2025146484375
-1041.632080078125	-901.0025634765625	-652.26025390625
-6.549665927886963	-5.002342224121094	-6.841930389404297
-34.82896423339844	20.666461944580078	41.133888244628906
-418.6004638671875	-40.47377014160156	268.3023376464844
-278.85150146484375	574.4202270507812	-881.1306762695312
-325.622802734375	-148.83546447753906	-139.91650390625
-11.029077529907227	-8.66844367980957	-11.113616943359375
49.95357131958008	107.13289642333984	271.83782958984375
8.848215103149414	7.020830154418945	8.908900260925293
104.46908569335938	-31.154287338256836	-26.095783233642578
95.80551147460938	257.1585693359375	-244.78811645507812
233.18026733398438	1368.7012939453125	-22.940126419067383
402.42010498046875	800.9041137695312	83.10363006591797
-2165.765625	-537.39892578125	614.4774780273438
-38.674339294433594	-45.5784912109375	-68.04650115966797
74.73641967773438	-25.117290496826172	-65.48014068603516
5.462525844573975	4.289997577667236	5.511992931365967
-1435.41796875	90.38688659667969	99.3554916381836
-6.190156936645508	5.847049713134766	9.96069049835205
119.90360260009766	273.62371826171875	-386.1966552734375
-711.54541015625	1721.498046875	-1508.1658935546875
-25.12698745727539	80.8676528930664	161.72703552246094
1221.08447265625	439.56182861328125	150.07984924316406
28.558826446533203	30.441993713378906	22.149627685546875
-98.61639404296875	33.63212585449219	112.03654479980469
-113.84040069580078	193.1802520751953	36.54317092895508
203.47019958496094	-79.70759582519531	-197.27622985839844
71.65139770507812	238.19102478027344	-269.0597229003906
-1848.974853515625	-1206.86328125	-681.5138549804688
-59.88249969482422	-60.84731674194336	-348.30169677734375
-1358.4288330078125	-746.6474609375	-840.1687622070312
0.9566903114318848	-95.09121704101562	-236.60861206054688
1.6005678176879883	140.1027374267578	-88.49653625488281
75.31636810302734	200.30267333984375	-194.73440551757812
44.03795623779297	94.45143127441406	239.4708709716797
66.46098327636719	279.50128173828125	-359.5714416503906
-290.7944030761719	1148.864013671875	-941.0547485351562
85.05613708496094	221.35211181640625	193.8401336669922
134.95126342773438	55.90489959716797	-160.88108825683594
373.7519226074219	1398.3731689453125	-466.4366149902344
-489.09625244140625	198.82415771484375	-746.6134643554688
-870.8135986328125	99.64691162109375	27.277587890625
-128.69764709472656	980.36669921875	-230.10519409179688
3.471371650695801	964.3658447265625	-446.8216552734375
479.3059387207031	1089.135498046875	-936.4217529296875
412.248046875	2279.2568359375	-567.531494140625
2414.546630859375	1588.6552734375	759.5138549804688
-3.666196823120117	-2.8823204040527344	-3.731940507888794
-1379.11962890625	-845.615966796875	-408.11578369140625
-1378.592529296875	251.56593322753906	379.31146240234375
14.76626968383789	66.86288452148438	168.4750213623047
-57.624298095703125	-116.01866149902344	-113.0875244140625
-129.00244140625	263.7177429199219	-266.7391357421875
-557.4127807617188	1364.605712890625	-577.46044921875
94.29693603515625	202.45089721679688	43.05373764038086
87.89875030517578	257.28741455078125	-272.47796630859375
134.95126342773438	55.90489959716797	-160.88108825683594
1157.308837890625	2293.0556640625	1452.0506591796875
-320.2027587890625	242.39837646484375	214.50119018554688
-1195.1728515625	541.8419189453125	622.62255859375
-264.5785217285156	82.53092956542969	224.439208984375
0.7688366174697876	0.16332662105560303	1.2616971731185913
-8.509921073913574	115.21485900878906	-269.0081481933594
-18.001333236694336	1110.4189453125	-856.2228393554688
-1.1715173721313477	3.4226150512695312	6.1033830642700195
-42.79266357421875	157.87814331054688	-56.2081298828125
-3.160456657409668	1068.729736328125	-551.269775390625
-667.978759765625	1630.49658203125	-870.25341796875
-157.95333862304688	1549.9788818359375	-261.0799560546875
-1064.6402587890625	607.8421630859375	197.87254333496094
194.38365173339844	441.210693359375	-365.9791259765625
-1238.5753173828125	-3.004666328430176	41.366817474365234
-1578.65966796875	-1206.0675048828125	-533.72021484375
74.37001037597656	87.43692016601562	83.12592315673828
149.71176147460938	310.24371337890625	-223.19747924804688
-1343.5732421875	-1127.8819580078125	-837.326416015625
-227.6085662841797	203.77374267578125	106.85649871826172
8.215192794799805	-112.71236419677734	-165.87078857421875
-63.06016540527344	-83.60211181640625	-125.39192962646484
157.81210327148438	178.69366455078125	-280.7096862792969
-449.57672119140625	1302.87255859375	-1789.25634765625
-165.0907440185547	603.223876953125	204.1812744140625
116.431396484375	-10.669133186340332	-71.53721618652344
-600.8388671875	1160.56396484375	-448.5103759765625
-29.413589477539062	38.16743850708008	50.187191009521484
5.0016374588012695	4.227858066558838	4.566417217254639
-33.4189567565918	87.49746704101562	172.5853271484375
-177.4752197265625	-226.64590454101562	-456.49432373046875
-47.01246643066406	122.2145767211914	210.96005249023438
-249.88177490234375	-309.9108581542969	-640.4571533203125
-1131.3238525390625	-727.7880859375	-427.2707824707031
-213.4356689453125	1417.279296875	-1276.8922119140625
-615.1324462890625	178.033447265625	-42.95347595214844
2.8862290382385254	2.373887538909912	2.866093158721924
259.6217346191406	551.75634765625	127.65824890136719
125.86339569091797	224.81546020507812	-152.73873901367188
131.4340057373047	229.2847900390625	-146.39547729492188
-883.019775390625	80.5616683959961	163.7275390625
-241.86134338378906	1055.60302734375	-810.8886108398438
-173.14462280273438	205.556884765625	-633.9488525390625
-562.40576171875	814.798583984375	-884.5643920898438
-36.77037048339844	61.0639533996582	147.8462677001953
-138.84207153320312	403.08648681640625	-210.6458740234375
809.1415405273438	940.4183959960938	-166.71063232421875
919.8905639648438	568.8963623046875	90.02059936523438
-744.4483642578125	387.7587585449219	-311.03704833984375
-146.8255615234375	360.4935302734375	-169.21884155273438
138.36141967773438	2.8811283111572266	-99.61186981201172
-275.95794677734375	473.995849609375	-427.10791015625
-462.01470947265625	1304.4046630859375	-967.70263671875
8.613663673400879	7.390195369720459	7.94387149810791
-2100.66796875	-526.595947265625	85.8412857055664
-1128.14990234375	-482.9873046875	-837.2872314453125
539.0511474609375	428.40875244140625	551.5821533203125
-1190.78564453125	-305.0818786621094	-452.9989013671875
346.0823669433594	1213.590576171875	-130.283935546875
-453.1757507324219	-63.483612060546875	127.41481018066406
-837.6661376953125	-124.16777038574219	-578.6702270507812
590.4765014648438	1124.086669921875	-456.23480224609375
-591.89111328125	1037.051025390625	-1172.51806640625
91.73375701904297	308.8551940917969	-405.6643981933594
-21.606653213500977	-49.35243225097656	-140.99465942382812
149.4044647216797	604.1881103515625	70.81578063964844
10.93490219116211	11.053544998168945	63.92029571533203
14.3179931640625	12.042816162109375	13.241521835327148
-45.00453567504883	42.739707946777344	72.96637725830078
345.6418151855469	859.7391357421875	-789.861572265625
24.36474609375	78.4339599609375	-100.10509490966797
97.81098175048828	256.06170654296875	-277.31988525390625
14.427718162536621	12.107857704162598	13.355098724365234
-783.548583984375	402.43756103515625	338.1239013671875
3.2890682220458984	60.68245315551758	-119.62333679199219
-1157.2509765625	113.12867736816406	-1025.8560791015625
-92.55514526367188	77.46279907226562	83.86506652832031
-40.95389938354492	286.5650634765625	-191.29632568359375
-453.7367858886719	538.483642578125	-1245.1488037109375
-297.093994140625	406.27984619140625	632.9536743164062
-37.15217971801758	97.07364654541016	191.3495635986328
-345.41094970703125	-323.508056640625	-452.3453369140625
34.60011291503906	143.626708984375	-212.1470489501953
5.375530242919922	-5.533572196960449	-2.707942008972168
-234.29469299316406	970.3411254882812	-126.57659912109375
21.037132263183594	1884.582763671875	-286.05267333984375
-0.6467728614807129	-0.7690534591674805	-0.19036483764648438
-71.29434204101562	-7.370443344116211	25.336410522460938
300.86663818359375	1207.3968505859375	-226.82928466796875
-570.41943359375	1398.150634765625	-511.27490234375
1074.3946533203125	1194.55078125	522.9072265625
-304.8075256347656	-130.54901123046875	-30.532236099243164
-70.6828842163086	163.91331481933594	-281.542236328125
46.826053619384766	37.97332000732422	46.007484436035156
71.28712463378906	2161.740234375	180.95675659179688
137.5186309814453	400.44012451171875	-480.28759765625
-7.271089553833008	-5.940880298614502	-7.416364669799805
-875.7813720703125	790.2628784179688	-194.6659698486328
2664.787353515625	1543.2120361328125	1142.2052001953125
166.06170654296875	376.69659423828125	-325.78173828125
-1045.9752197265625	203.3784637451172	852.91259765625
-2537.689453125	-1191.87548828125	-1244.37744140625
-1057.6455078125	168.59686279296875	689.8790283203125
809.1417846679688	940.418212890625	-166.71060180664062
-46.90744400024414	18.676679611206055	58.85460662841797
248.6661834716797	433.52935791015625	-61.76190948486328
-1195.6243896484375	-149.26809692382812	-539.0078125
33.43486785888672	50.242576599121094	351.9945068359375
22.626596450805664	38.88775634765625	95.40838623046875
54.11989212036133	-13.107719421386719	-50.702964782714844
11.130536079406738	16.636350631713867	116.4456558227539
-37.261192321777344	89.13752746582031	163.42840576171875
-144.86007690429688	582.9275512695312	-272.5179748535156
35.932247161865234	90.73539733886719	-107.07366943359375
-769.0943603515625	448.00897216796875	-188.52210998535156
86.25495910644531	157.2626953125	245.5482177734375
-1.6758537292480469	-1.5104484558105469	-2.2527637481689453
206.971435546875	413.7319030761719	-356.4573974609375
-7.552149295806885	-6.044501304626465	-8.599308013916016
35.54205322265625	173.03077697753906	-221.33242797851562
301.74505615234375	1221.13916015625	-223.69593811035156
-1750.1119384765625	-797.2280883789062	-410.8036193847656
-10.67660140991211	25.500612258911133	46.72782897949219
1651.4200439453125	1566.378173828125	1216.875
-0.12795257568359375	-4.235197067260742	-4.242484092712402
-10.540765762329102	-8.46579360961914	-11.989700317382812
-11.277606964111328	-9.071731567382812	-12.908985137939453
-311.30242919921875	767.3822021484375	-120.75244903564453
397.47747802734375	-310.4155578613281	-275.204833984375
-2080.07275390625	-1082.6846923828125	-654.85498046875
1698.47509765625	1117.6968994140625	621.2398681640625
-1824.445068359375	-680.1350708007812	-531.68994140625
60.487770080566406	129.69314575195312	328.7358703613281
3.5351009368896484	15.406930923461914	39.658119201660156
-2079.2275390625	-948.5400390625	-1052.83544921875
237.9786834716797	57.423789978027344	-417.2933044433594
13.666326522827148	386.7470703125	-470.064453125
-38.5643310546875	-77.61160278320312	-75.61085510253906
-244.97976684570312	52.85869598388672	244.12405395507812
-171.8719024658203	412.51470947265625	-31.850845336914062
-510.1855773925781	1196.700927734375	-376.613037109375
78.11485290527344	204.8041534423828	-244.29901123046875
-247.63214111328125	611.17578125	-170.34774780273438
-18.578433990478516	23.941253662109375	31.612028121948242
171.3778076171875	265.2835998535156	-14.759679794311523
-454.64825439453125	560.5745849609375	-1102.86376953125
26.564247131347656	-27.615678787231445	-13.034477233886719
-298.8824157714844	357.9037170410156	84.72756958007812
12.736137390136719	-10.071077346801758	-11.455329895019531
-346.612548828125	-258.61407470703125	-146.1288299560547
1337.8387451171875	1236.788330078125	949.3577270507812
-973.8876953125	166.92190551757812	-623.3765258789062
-1329.1585693359375	-25.287044525146484	-70.63922119140625
-113.89657592773438	253.31207275390625	353.2527770996094
1.607905387878418	30.00688934326172	31.00605583190918
-770.7958984375	-221.1725616455078	-662.6426391601562
205.87582397460938	403.63922119140625	-249.78819274902344
394.9897155761719	409.10577392578125	-452.3482360839844
225.51573181152344	484.93585205078125	-397.3884582519531
325.4522399902344	213.2603759765625	-216.95538330078125
774.4285888671875	657.8406982421875	-366.5413818359375
-509.31329345703125	123.77159118652344	218.30393981933594
316.73553466796875	589.438720703125	-315.40557861328125
-513.8433837890625	230.4864501953125	161.2509002685547
409.12957763671875	1198.615234375	-621.3134765625
-115.00825500488281	96.07640075683594	104.07864379882812
-16.427207946777344	-18.27385711669922	-20.902177810668945
274.56854248046875	542.46435546875	-370.7790222167969
-265.4458312988281	109.90162658691406	69.73619842529297
56.14997100830078	127.3192367553711	-115.26415252685547
-321.7728576660156	1709.7012939453125	-1763.16552734375
11.616893768310547	-160.18795776367188	-235.41110229492188
-372.34783935546875	1750.283447265625	-1717.35107421875
59.266746520996094	125.09332275390625	-119.4046630859375
57.71575164794922	123.56226348876953	-107.04112243652344
-59.366615295410156	54.1035270690918	107.65656280517578
-803.7846069335938	1100.864990234375	-1017.5809936523438
-33.587913513183594	87.10693359375	150.6727294921875
201.4970703125	882.9808959960938	-217.26284790039062
-116.67280578613281	-167.54275512695312	-161.97384643554688
-206.17454528808594	406.82958984375	-155.90408325195312
-287.65032958984375	1333.46435546875	-1299.2496337890625
-25.299592971801758	60.34498596191406	110.73458862304688
-179.20401000976562	158.29791259765625	-461.5510559082031
-114.13975524902344	91.1827392578125	103.10250091552734
256.225341796875	471.42840576171875	685.095703125
-159.84059143066406	307.34930419921875	-72.75707244873047
128.67906188964844	136.94967651367188	99.69284057617188
34.655296325683594	679.6718139648438	-328.28759765625
-1080.522705078125	530.0420532226562	-1585.7137451171875
-2037.9884033203125	-1096.853271484375	-1145.758056640625
4.706523895263672	7.875264644622803	13.469075202941895
-75.39669799804688	-334.70989990234375	-470.3658752441406
12.076957702636719	-166.43283081054688	-244.89927673339844
402.4202880859375	800.904296875	83.10358428955078
-173.24960327148438	169.05331420898438	249.7500762939453
-211.56369018554688	-198.21444702148438	-277.19268798828125
-309.17626953125	1769.4708251953125	-1441.94091796875
187.61444091796875	453.40789794921875	-259.9390869140625
-385.24896240234375	785.9620361328125	-809.644775390625
-47.988677978515625	-55.19713592529297	-55.68898010253906
246.69192504882812	534.0750122070312	-433.2937316894531
181.10345458984375	396.2113037109375	-329.98260498046875
-12.368953704833984	-20.744735717773438	-34.834922790527344
35.237640380859375	35.75471115112305	204.52911376953125
141.49459838867188	505.21649169921875	9.18768310546875
-237.20065307617188	149.56532287597656	120.45133209228516
11.920466423034668	13.067916870117188	14.259108543395996
156.65011596679688	571.6841430664062	-406.91876220703125
18.84589958190918	20.939714431762695	23.371997833251953
178.99774169921875	799.2384643554688	-425.7586975097656
-1226.303955078125	-83.3251953125	752.7488403320312
-153.1319580078125	384.1427001953125	-81.03369140625
-15.510517120361328	-17.892581939697266	-18.06794548034668
243.44503784179688	567.1951904296875	-420.14886474609375
-900.567626953125	-64.23013305664062	99.51966857910156
-123.84699249267578	300.8680419921875	-223.83421325683594
14.960159301757812	67.75363159179688	171.46298217773438
16.82294273376465	1821.399658203125	-455.7189636230469
1327.69873046875	1260.272216796875	578.6009521484375
61.930747985839844	143.0255889892578	-103.71470642089844
840.2927856445312	832.6259765625	354.8241882324219
-2294.15576171875	-1246.6998291015625	-1208.6844482421875
-246.24391174316406	2342.352783203125	-222.28904724121094
-1602.543212890625	-43.748775482177734	-117.15892028808594
404.10174560546875	98.00367736816406	-257.2528991699219
-1041.7459716796875	-565.0865478515625	-611.80078125
-482.101806640625	1208.2119140625	-1003.0090942382812
-1950.492919921875	-760.876708984375	-171.42709350585938
251.74465942382812	813.1265258789062	-268.63995361328125
69.80742645263672	149.67471313476562	379.20391845703125
1.1303901672363281	21.617053985595703	22.2501277923584
-23.512157440185547	-28.35769271850586	-26.453754425048828
9.941194534301758	93.7385025024414	-226.03302001953125
-41.323753356933594	666.5716552734375	-327.2684631347656
-15.939689636230469	-19.306377410888672	-17.99521255493164
-54.87554931640625	451.7672119140625	-617.4814453125
-1625.09033203125	409.36572265625	-662.68408203125
-11.318565368652344	-13.606279373168945	-12.875530242919922
-143.9097900390625	383.5709228515625	-119.60578918457031
-30.959047317504883	-37.25807189941406	-34.87126922607422
-0.3064098358154297	-0.3542747497558594	-0.5902347564697266
-1072.351318359375	-239.1160888671875	415.4499206542969
57.156044006347656	1667.0970458984375	-481.6410827636719
186.83692932128906	521.181640625	-597.8408813476562
60.184078216552734	769.969482421875	-667.4850463867188
295.0921325683594	1798.2001953125	-543.919677734375
-1201.248046875	199.91226196289062	1210.878662109375
-34.60863494873047	840.573486328125	-322.23577880859375
-5.7594404220581055	-4.823365211486816	-8.671302795410156
-587.3912353515625	1130.5615234375	-1076.47119140625
-589.98876953125	1076.375244140625	-1132.298828125
-1352.3515625	-570.2166748046875	203.80804443359375
-686.1077880859375	-42.908626556396484	36.166259765625
554.9703979492188	1202.595947265625	-794.1387939453125
-520.3136596679688	194.46194458007812	103.64553833007812
-661.8409423828125	335.6607666015625	252.14486694335938
-516.355224609375	361.0820007324219	88.27762603759766
-278.9387512207031	1523.373046875	-743.2432861328125
204.4049530029297	886.758056640625	-211.48980712890625
-596.7088623046875	349.1891174316406	629.4740600585938
-784.3206176757812	283.848388671875	-604.9428100585938
-118.16971588134766	331.5991516113281	-171.76528930664062
-1092.252685546875	-310.67291259765625	-886.216552734375
1688.722412109375	910.9952392578125	428.8184509277344
-1587.378662109375	-690.7554931640625	-834.1842041015625
80.42247772216797	88.17591857910156	110.64193725585938
-1164.368408203125	146.8868408203125	1079.92333984375
-71.12622833251953	234.93258666992188	221.04507446289062
-80.00585174560547	184.1262664794922	-143.14920043945312
105.25747680664062	123.41585540771484	117.36360168457031
-32.01548767089844	82.9202880859375	143.24334716796875
-1165.6309814453125	-37.064788818359375	516.0354614257812
-717.9736328125	333.0068664550781	107.90708923339844
-555.9530029296875	195.5897216796875	-148.33897399902344
-53.11251449584961	-75.64103698730469	-141.92840576171875
267.25421142578125	-318.3781433105469	-1032.5994873046875
651.136474609375	1613.13623046875	-169.260986328125
-89.43104553222656	194.86355590820312	-121.89058685302734
-597.681884765625	-41.4677734375	69.77430725097656
-39.389862060546875	-34.43706130981445	-69.29804992675781
-50.59376525878906	-115.407470703125	-329.45867919921875
-25.947357177734375	-30.401611328125	-28.955488204956055
-69.49263000488281	-60.56118392944336	-122.11762237548828
-949.3576049804688	813.5003662109375	-1337.6539306640625
-76.02388000488281	-65.59363555908203	-144.2389678955078
-235.29685974121094	229.15716552734375	314.7566833496094
24.422956466674805	172.814208984375	-340.906982421875
-2288.644775390625	-1202.4931640625	-724.3995971679688
-74.83087158203125	-64.17008972167969	-142.65196228027344
70.64250946044922	252.28448486328125	-89.85646057128906
189.47311401367188	1072.3531494140625	-447.01904296875
518.3906860351562	555.2628173828125	44.976104736328125
518.3906860351562	555.2628173828125	44.976104736328125
-218.4139404296875	1142.914794921875	-1171.8680419921875
12.981818199157715	27.731319427490234	70.1221694946289
-59.12155532836914	-26.479793548583984	-172.69830322265625
-908.34228515625	97.77191162109375	-673.788330078125
-120.42662048339844	39.03086471557617	64.75148010253906
-6.1126532554626465	15.697198867797852	26.969730377197266
86.47966003417969	217.19277954101562	-150.74740600585938
-109.56216430664062	-139.97972106933594	-281.8083190917969
-456.47198486328125	329.094970703125	-823.262939453125
-1356.17041015625	-861.6342163085938	-852.9569091796875
-321.2012023925781	1097.583740234375	-1080.7796630859375
-62.83563232421875	-73.60257720947266	-92.34664916992188
-60.860504150390625	78.80197143554688	103.74568176269531
-13.976011276245117	-23.879840850830078	-59.34213638305664
-62.449424743652344	52.10859680175781	56.52699279785156
256.7726745605469	494.79913330078125	-142.34628295898438
346.84405517578125	978.7883911132812	-403.18731689453125
-196.50350952148438	397.2101135253906	-109.99700927734375
-2289.829345703125	-1256.043701171875	-1221.803955078125
151.53753662109375	709.8658447265625	-141.203857421875
-15.91496467590332	41.469966888427734	81.77664184570312
64.62089538574219	1759.055908203125	227.68380737304688
82.3823013305664	69.83321380615234	-15.965518951416016
-145.14553833007812	431.76666259765625	-196.6652374267578
168.55645751953125	1067.0267333984375	-668.7030029296875
251.20758056640625	807.0567626953125	-226.9404754638672
1884.4530029296875	1493.3804931640625	1041.7315673828125
524.51123046875	1089.6893310546875	-571.6566162109375
-88.248046875	589.8477783203125	-378.09710693359375
-1109.3115234375	1374.9830322265625	-376.74871826171875
592.7616577148438	532.6211547851562	279.60382080078125
-21.552223205566406	-26.867319107055664	-30.12915802001953
-12.429304122924805	-251.65365600585938	-258.662353515625
-17.023530960083008	44.4044303894043	87.5653076171875
490.00689697265625	910.9411010742188	-528.685791015625
55.94331741333008	129.5502166748047	-172.7341766357422
80.34405517578125	1821.6439208984375	402.259765625
340.22515869140625	626.3745727539062	-85.7361068725586
-1147.5413818359375	-143.0481719970703	-1258.7073974609375
-41.70661163330078	556.9737548828125	-331.88763427734375
30.247478485107422	37.92239761352539	48.378936767578125
-302.7373352050781	381.65655517578125	-727.0357666015625
-1302.328857421875	1135.0885009765625	-1414.843505859375
333.6739501953125	608.8980712890625	950.6987915039062
39.50019073486328	49.39696502685547	62.88262939453125
-1759.22998046875	-827.214111328125	-1378.964599609375
-196.83712768554688	603.4793090820312	-446.1582336425781
578.495849609375	-77.29032897949219	-380.31903076171875
48.094696044921875	72.1585922241211	505.4512023925781
-578.7403564453125	257.81304931640625	-88.1334228515625
-652.14990234375	-412.914306640625	-161.29034423828125
-223.58938598632812	-53.242279052734375	-92.18234252929688
541.9580078125	106.62943267822266	-226.4166717529297
-3061.9580078125	-1306.3095703125	-593.9199829101562
421.85174560546875	892.2232666015625	-359.97296142578125
363.44580078125	823.3555908203125	-462.84234619140625
75.0412368774414	187.1458740234375	-143.69610595703125
-276.8514404296875	94.3584213256836	115.87240600585938
331.303466796875	-30.02797508239746	-19.832626342773438
119.97505950927734	240.1678009033203	-64.3550796508789
-18.29700469970703	-21.5617733001709	-32.18487548828125
-2088.2265625	-1060.9512939453125	-617.5791015625
-123.98503875732422	309.46295166015625	-353.9617614746094
-151.55577087402344	190.29151916503906	-186.4525604248047
33.924930572509766	156.76861572265625	393.6524658203125
-110.63099670410156	353.45672607421875	-681.6705322265625
759.780029296875	-156.04083251953125	-170.39259338378906
167.19451904296875	-8.947973251342773	-17.825233459472656
53.46980667114258	54.36469268798828	87.90203857421875
736.2919311523438	1589.9163818359375	133.29920959472656
125.3902587890625	317.21978759765625	398.9903259277344
-23.68976402282715	-24.10360336303711	-38.89020919799805
17.177085876464844	43.459381103515625	54.49317169189453
-591.8944091796875	1036.2589111328125	-1173.421875
281.3528747558594	679.114501953125	-560.5360107421875
143.537841796875	628.56005859375	-254.04815673828125
297.3037109375	597.0478515625	-278.5628967285156
-1230.3671875	759.058349609375	189.7821807861328
-1765.1239013671875	-696.57958984375	-239.48684692382812
-494.4828796386719	291.3075866699219	-73.4560546875
-1444.403564453125	-861.4310302734375	-766.81787109375
-512.8365478515625	924.60693359375	1359.15625
44.25660705566406	419.96954345703125	-46.45774841308594
-22.24959373474121	30.187829971313477	36.03703689575195
441.8795166015625	856.939453125	-429.759033203125
218.7344207763672	864.5908203125	-451.0500183105469
478.6773681640625	887.8284912109375	-373.76593017578125
-38.25826644897461	-32.16033172607422	-58.410614013671875
157.4284210205078	914.3622436523438	-7.909351348876953
479.4242248535156	888.4173583984375	-372.915283203125
-16.949583053588867	37.671424865722656	52.71869659423828
-327.57562255859375	-134.2661590576172	-53.99515151977539
-1740.8184814453125	-882.8139038085938	-512.3181762695312
5.366997241973877	-4.203411102294922	-4.773797035217285
-1657.190185546875	-496.2532043457031	-1522.0655517578125
-27.795528411865234	-30.53253936767578	-38.35306167602539
561.462890625	1609.118408203125	-849.1000366210938
-1009.2998046875	-98.03043365478516	-197.03915405273438
-990.4306640625	348.25665283203125	314.1549377441406
641.81787109375	1076.9796142578125	-280.690673828125
648.0478515625	1083.76708984375	-272.09765625
-75.31182861328125	-82.61015319824219	-103.84439086914062
98.24110412597656	121.56874084472656	-170.12612915039062
-19.26666831970215	-33.00798797607422	-81.20425415039062
40.27029037475586	44.14997100830078	55.57199478149414
-51.901405334472656	-56.98484802246094	-71.36685943603516
14.721813201904297	18.826051712036133	15.873037338256836
56.829139709472656	66.60945892333984	63.35057067871094
-174.99224853515625	378.472412109375	-97.98521423339844
-10.909335136413574	-12.756385803222656	-12.170260429382324
-151.1620330810547	973.0093994140625	-871.4099731445312
273.5494079589844	-96.5988540649414	-199.17788696289062
39.221282958984375	45.99689483642578	43.29585266113281
154.84527587890625	1289.5166015625	-322.17877197265625
-648.6338500976562	171.2583770751953	116.18541717529297
98.87017822265625	211.57012939453125	-136.12384033203125
-22.290481567382812	19.423837661743164	-263.43121337890625
-936.8621826171875	196.4148406982422	511.1915283203125
23.16036033630371	105.3111572265625	266.06744384765625
175.32345581054688	1262.697021484375	-984.0654907226562
108.68083953857422	281.9979248046875	-365.73358154296875
78.36856079101562	124.28126525878906	82.21487426757812
-846.701904296875	631.045654296875	225.07748413085938
-1450.689697265625	-924.90185546875	-574.1243286132812
-993.239013671875	961.6769409179688	663.640625
-1504.9595947265625	-444.9556884765625	107.73881530761719
19.72490692138672	39.761722564697266	38.61507797241211
-140.04263305664062	364.61138916015625	-114.65141296386719
87.8668212890625	89.26311492919922	511.5141906738281
115.35977172851562	1196.117431640625	-577.6864013671875
-1.1512260437011719	-4.896278381347656	-12.32081413269043
1542.71044921875	-168.6785125732422	-91.14208221435547
94.29693603515625	202.45089721679688	43.05373764038086
529.573974609375	1434.4130859375	115.42044067382812
16.439128875732422	35.22488784790039	89.04722595214844
36.24164581298828	43.06123733520508	47.38713073730469
-921.9450073242188	163.67893981933594	108.16565704345703
48.178951263427734	634.8106689453125	-147.869873046875
-312.4020080566406	187.5830535888672	-878.361083984375
46.40559005737305	54.989437103271484	60.676429748535156
-643.366943359375	45.25659942626953	495.22515869140625
12.505176544189453	26.68456268310547	67.52277374267578
-65.46511840820312	170.99119567871094	337.1829833984375
-342.92095947265625	-321.1652526855469	-449.17681884765625
8.020158767700195	36.73427963256836	92.43653106689453
-126.39701080322266	-181.44515991210938	-175.4063720703125
105.55006408691406	264.2065734863281	-218.4226837158203
-648.4413452148438	2602.6142578125	-2186.43701171875
45.62460708618164	65.52529907226562	63.35187530517578
-944.3696899414062	-727.3343505859375	-325.2634582519531
501.87939453125	253.5109405517578	-418.0814208984375
501.87939453125	253.5109405517578	-418.0814208984375
272.9508056640625	1139.23095703125	-420.33428955078125
-771.9512939453125	-430.1158752441406	-226.9783935546875
-542.5020141601562	1360.66064453125	-1205.19775390625
-674.9793090820312	72.86832427978516	126.79924774169922
-1204.322998046875	306.085693359375	-1334.58642578125
-617.1419677734375	204.44949340820312	309.0012512207031
651.28466796875	456.6553955078125	179.60650634765625
-889.3096313476562	-12.753669738769531	14.904891967773438
-889.066162109375	35.220741271972656	-358.0972900390625
-718.73876953125	-26.766401290893555	-10.976156234741211
-45.09309387207031	-77.25726318359375	-84.28581237792969
-22.954177856445312	73.90689086914062	147.8957977294922
-956.14697265625	1628.43017578125	-1556.1644287109375
1.6100196838378906	6.7193450927734375	18.90628433227539
-64.37734985351562	62.87068176269531	92.80728149414062
-737.1214599609375	493.5537109375	-330.772216796875
-1334.85498046875	-93.44047546386719	415.5489196777344
-877.012939453125	36.024200439453125	433.9299011230469
-464.7975158691406	617.9047241210938	-891.0587768554688
-352.91357421875	1610.5400390625	-1546.39599609375
-369.886962890625	1431.8812255859375	-1405.90478515625
-100.59999084472656	-143.3809814453125	-268.956787109375
684.403076171875	1031.0711669921875	-754.0589599609375
-102.55384063720703	-146.27142333984375	-274.40582275390625
361.0082702636719	-6.045289039611816	-139.29818725585938
1568.460693359375	292.7745361328125	-242.46974182128906
-1035.7159423828125	-340.19854736328125	180.00747680664062
-82.84269714355469	-97.89290618896484	-177.0739288330078
-70.12388610839844	-82.8863525390625	-149.99624633789062
-161.11306762695312	725.8786010742188	-369.0276794433594
13.547125816345215	115.58078002929688	-341.0149230957031
592.5946044921875	337.22076416015625	-499.02410888671875
27.527633666992188	125.27272033691406	316.9360656738281
-0.354622483253479	-1.7358531951904297	-4.48724365234375
-295.6276550292969	717.3161010742188	-546.5885009765625
-103.48890686035156	312.9053649902344	622.2366333007812
149.57254028320312	299.14208984375	28.435876846313477
-374.2265319824219	998.1754760742188	-1392.6112060546875
-775.2005615234375	616.4403076171875	-1281.2296142578125
634.0130615234375	1868.0423583984375	-334.8567199707031
-726.0978393554688	552.65185546875	-1364.956787109375
564.1283569335938	1034.3038330078125	-596.6588134765625
73.2325210571289	199.8594970703125	-188.64100646972656
-115.90542602539062	345.82025146484375	-164.73779296875
324.1768798828125	1045.386962890625	26.81955337524414
-23.320453643798828	-30.948184967041016	-46.72306823730469
166.55889892578125	220.57489013671875	331.3016357421875
-433.9696044921875	320.7542419433594	-494.12847900390625
503.21160888671875	7.457082748413086	-184.26675415039062
-224.22235107421875	1100.783203125	-926.5400390625
211.83575439453125	896.6550903320312	-196.57278442382812
45.18085479736328	59.75901794433594	90.03178405761719
-1402.054931640625	-162.54039001464844	258.16314697265625
-511.1957092285156	1848.56396484375	-485.88909912109375
-105.24800109863281	1004.1857299804688	-93.93284606933594
-13.422676086425781	261.9762878417969	291.1120910644531
-203.27642822265625	18.87912368774414	84.94470977783203
283.2307434082031	362.72467041015625	307.76092529296875
-139.25146484375	45.72618103027344	97.71733093261719
6.29469108581543	8.060262680053711	6.831264495849609
144.70819091796875	185.3368377685547	157.20172119140625
-766.416748046875	414.56536865234375	696.427001953125
-760.041748046875	2041.0023193359375	490.0728759765625
320.6519775390625	1219.35546875	-484.85595703125
-5.755480766296387	887.6627807617188	-1019.8031005859375
-264.377197265625	447.6805114746094	-1179.27734375
99.66577911376953	83.51083374023438	158.8114013671875
43.791011810302734	46.535545349121094	33.91646194458008
50.629737854003906	84.7292709350586	142.8175048828125
-324.53936767578125	-91.30223083496094	-30.941280364990234
-342.78424072265625	-106.5128173828125	-59.91737365722656
-14.93818473815918	-34.18479919433594	-97.654296875
55.11680221557617	1325.2646484375	-133.6116943359375
428.098388671875	1035.034423828125	55.90966033935547
418.69122314453125	-166.56117248535156	-422.32098388671875
-476.2341003417969	1397.6197509765625	140.64979553222656
-772.30419921875	500.99078369140625	357.69970703125
230.79446411132812	565.3975830078125	-318.15325927734375
131.37623596191406	479.82818603515625	421.0743408203125
-79.03707885742188	-135.2015380859375	-332.9443359375
14.601364135742188	-38.077510833740234	-65.76023864746094
9.520666122436523	16.147539138793945	40.23217010498047
72.00016784667969	123.22467041015625	303.6038818359375
-1.9671821594238281	-3.304960250854492	-8.274928092956543
-81.65350341796875	68.19075012207031	73.75721740722656
-81.65899658203125	74.3594741821289	148.11541748046875
25.544086456298828	42.731624603271484	71.7122573852539
103.78227233886719	173.5143280029297	292.60308837890625
-95.29238891601562	-159.26895141601562	-268.7896728515625
-864.7933959960938	-15.870235443115234	140.4241943359375
68.7932357788086	123.4305419921875	122.93489074707031
-126.23511505126953	1074.0400390625	-533.2257080078125
-1000.1824340820312	308.8872375488281	400.38214111328125
1467.778076171875	990.995361328125	580.7562866210938
1810.29443359375	1556.3125	783.9473876953125
-1040.82470703125	308.856201171875	361.478515625
303.595458984375	1424.3438720703125	-202.92721557617188
406.5855712890625	1608.8492431640625	-19.05945587158203
-684.7879638671875	1411.974853515625	-1162.46337890625
364.2535095214844	1973.16162109375	-467.0943908691406
402.42010498046875	800.9041137695312	83.10363006591797
402.42010498046875	800.9041137695312	83.10363006591797
48.07929992675781	586.1068115234375	29.737573623657227
40.10613250732422	568.950927734375	16.614492416381836
-436.8732604980469	1228.560791015625	-345.4466552734375
-438.472900390625	127.66620635986328	518.5419921875
-175.48123168945312	658.73291015625	-752.322998046875
-40.86017608642578	106.5948257446289	210.41326904296875
119.7873306274414	1044.7158203125	-776.769287109375
35.74514389038086	56.53706359863281	47.476463317871094
15.82409954071045	444.63018798828125	-368.5522155761719
-69.71937561035156	277.2280578613281	-168.76544189453125
-72.74565124511719	71.1134033203125	104.94567108154297
-458.6279296875	1155.9986572265625	-1075.85498046875
-553.3130493164062	594.7698974609375	-255.56178283691406
-1468.922119140625	-534.8798828125	-179.47801208496094
-546.936279296875	604.8724975585938	-247.005126953125
-549.1105346679688	1371.909912109375	-820.2979736328125
129.16651916503906	160.20040893554688	331.01776123046875
-445.4668884277344	304.9457092285156	-12.95882797241211
-984.5158081054688	192.16427612304688	-577.117431640625
364.47222900390625	0.10568714141845703	-128.88864135742188
257.2103271484375	470.95330810546875	-85.36112976074219
-824.7403564453125	-8.522722244262695	290.03924560546875
-787.761474609375	1283.0452880859375	-1156.101318359375
-13.61046314239502	-17.998157501220703	-13.10643482208252
174.54672241210938	176.30758666992188	113.28416442871094
3.4074974060058594	-3.322723388671875	-4.8279829025268555
4.809755325317383	6.4869890213012695	4.6219635009765625
68.88597869873047	90.76011657714844	66.0235366821289
62.95973587036133	352.75811767578125	330.48944091796875
94.53327941894531	130.2117156982422	108.33660888671875
-995.9990234375	-432.38336181640625	-565.2236328125
-29.308359146118164	-40.401939392089844	-33.6307373046875
234.44412231445312	322.89971923828125	268.4520568847656
-611.921630859375	244.37911987304688	596.8326416015625
-565.3018188476562	308.5572814941406	650.138427734375
-46.9010009765625	-64.63492584228516	-53.71651840209961
-884.4829711914062	217.2052764892578	-1414.048095703125
6.925343036651611	232.51181030273438	-254.52401733398438
98.49031829833984	135.6323699951172	112.83662414550781
94.29693603515625	202.45089721679688	43.05373764038086
-934.6976928710938	343.58685302734375	876.000244140625
-185.27938842773438	560.309814453125	761.1475830078125
-714.047607421875	1210.115234375	1271.844482421875
158.1234588623047	761.4481811523438	830.1033935546875
-158.43991088867188	-148.32144165039062	-207.34716796875
-178.893798828125	-167.63851928710938	-234.43673706054688
-630.786376953125	355.1441650390625	263.7147216796875
-257.4595642089844	568.1326904296875	-878.654052734375
119.81416320800781	1725.808837890625	-149.11398315429688
-709.57568359375	-329.6100158691406	-13.670402526855469
-201.9050750732422	889.76904296875	-986.3609008789062
-1988.7032470703125	-1352.359619140625	-872.5189819335938
-379.35162353515625	765.8546142578125	-903.8353881835938
59.973297119140625	334.40728759765625	-93.3211669921875
-43.13008117675781	199.77392578125	-242.06739807128906
-44.02866744995117	-57.439857482910156	-63.479949951171875
-256.5188903808594	-98.23245239257812	-7.733102798461914
-171.95327758789062	800.0328369140625	-966.7998657226562
-267.2246398925781	464.489990234375	171.07009887695312
147.69827270507812	183.1494140625	378.6206359863281
-85.34638214111328	400.7936706542969	-482.60919189453125
-17.064659118652344	-22.26649284362793	-24.589282989501953
102.88619232177734	187.98194885253906	202.53079223632812
94.29693603515625	202.45089721679688	43.05373764038086
106.38371276855469	193.96734619140625	303.03009033203125
10.629284858703613	371.36688232421875	-742.7845458984375
-247.09420776367188	641.9020385742188	-165.76190185546875
47.55167007446289	86.92985534667969	93.56599426269531
-295.6276550292969	717.3161010742188	-546.5885009765625
-58.19175338745117	-72.10678100585938	-149.14462280273438
-1834.240966796875	-1304.7066650390625	-1395.149169921875
-952.3939819335938	-505.84234619140625	-303.78094482421875
102.20245361328125	126.84828186035156	261.8547058105469
-158.7310333251953	-196.9261474609375	-406.97003173828125
164.81204223632812	204.426513671875	422.5143737792969
-35.88502502441406	37.26597213745117	17.573253631591797
9.208504676818848	42.00389862060547	106.11499786376953
5.222469329833984	6.3800811767578125	13.173683166503906
9.65719223022461	44.39522171020508	111.16941833496094
-1.4534072875976562	-29.97555923461914	-30.852405548095703
94.17887878417969	116.84310150146484	241.29733276367188
40.43069076538086	86.65469360351562	219.87586975097656
-69.22709655761719	57.93631362915039	62.66461944580078
-51.2562370300293	77.50886535644531	133.66055297851562
-397.3181457519531	1055.5032958984375	-37.921546936035156
183.5636444091797	313.5632019042969	438.1076965332031
-615.1431884765625	134.43661499023438	460.3155517578125
-67.90975189208984	61.638999938964844	45.081180572509766
-363.3592224121094	1077.2906494140625	-738.6514282226562
219.84266662597656	400.6728515625	625.965576171875
-1142.5577392578125	84.92272186279297	1126.700439453125
-37.5729866027832	48.41822052001953	63.88218688964844
135.38394165039062	246.6259765625	385.4000244140625
-398.8167724609375	-4.408966064453125	324.57940673828125
274.2109680175781	138.65769958496094	50.82086944580078
51.409950256347656	93.79054260253906	146.59170532226562
274.2109680175781	138.65769958496094	50.82086944580078
40.2161979675293	101.69470977783203	127.9731674194336
274.21075439453125	138.65771484375	50.82085418701172
25.181865692138672	54.010032653808594	136.93299865722656
-67.9666976928711	-32.111328125	-86.11956787109375
48.178951263427734	634.8106689453125	-147.869873046875
48.178951263427734	634.8106689453125	-147.869873046875
-304.15777587890625	1281.396240234375	-113.86939239501953
-1211.78955078125	-211.51382446289062	-294.913818359375
-612.831787109375	72.03426361083984	464.3718566894531
1627.3736572265625	166.63119506835938	-5.747982025146484
-84.5351791381836	286.1910400390625	-142.71653747558594
-479.5772705078125	1916.5240478515625	-314.30413818359375
-45.55748748779297	-58.14881896972656	-117.23582458496094
0.9566903114318848	-95.09121704101562	-236.60861206054688
0.9566903114318848	-95.09121704101562	-236.60861206054688
339.73736572265625	-433.104736328125	-1276.9404296875
-144.5884246826172	-184.75326538085938	-372.06915283203125
-204.7374267578125	160.67811584472656	-608.829345703125
13.666326522827148	386.7470703125	-470.064453125
-1178.503662109375	-85.62973022460938	454.0074462890625
67.16122436523438	1098.0989990234375	-502.6729736328125
-102.76624298095703	41.761226654052734	-394.9250793457031
-35.52299499511719	-133.98301696777344	-171.1467742919922
-554.5050659179688	707.0311279296875	-1042.908447265625
-29.242767333984375	327.37542724609375	-99.78237915039062
-122.54659271240234	354.7546691894531	-154.09445190429688
105.9091567993164	194.81332397460938	283.19012451171875
-581.8072509765625	1428.8758544921875	-908.8563232421875
140.21133422851562	354.8647155761719	446.3173828125
-182.507080078125	145.79562377929688	164.86154174804688
1763.590576171875	946.2210083007812	622.158935546875
-258.83660888671875	917.6376953125	-260.4037780761719
16.556058883666992	183.3712158203125	260.2332458496094
-1555.105712890625	-548.7372436523438	-573.47607421875
-307.0955810546875	22.807666778564453	-455.5220947265625
-258.871826171875	230.518310546875	447.106689453125
-1707.9693603515625	-331.3122863769531	250.05795288085938
1327.501953125	1130.81103515625	1182.5499267578125
165.58477783203125	544.7940673828125	327.07806396484375
272.9508056640625	1139.23095703125	-420.33428955078125
116.96932983398438	495.72705078125	141.46633911132812
28.522327423095703	129.46881103515625	326.6737060546875
86.58606719970703	2222.189697265625	349.5445251464844
-462.92449951171875	-0.26473236083984375	-472.041748046875
-7.108528137207031	-3.287048578262329	-21.298303604125977
-832.4859619140625	81.90142059326172	113.39192199707031
-880.3126220703125	-482.722900390625	-292.378662109375
-20.815671920776367	-21.080249786376953	-121.11505126953125
10.800003051757812	10.895776748657227	62.32341003417969
-53.755149841308594	-54.726890563964844	-313.4307556152344
2265.17138671875	877.3342895507812	767.9017944335938
-292.6872253417969	2295.219482421875	-492.6469421386719
-213.92738342285156	1264.03662109375	-553.296630859375
-1200.9599609375	-685.4761962890625	-393.7798767089844
-181.231689453125	177.10691833496094	261.3754577636719
23.91010284423828	51.15534973144531	129.8150634765625
-626.0283813476562	-161.22691345214844	495.5810546875
-418.7850646972656	-188.1766815185547	-368.5773010253906
-38.82432556152344	-39.499366760253906	-226.4844970703125
-25.706317901611328	-38.66572570800781	-270.58660888671875
17.483932495117188	26.197315216064453	184.4788818359375
-1752.58544921875	919.422607421875	-121.13877868652344
8.32857894897461	10.169744491577148	-51.484004974365234
-171.47752380371094	779.7178955078125	-337.65277099609375
-258.96014404296875	-46.54154586791992	-433.9876708984375
86.133544921875	-89.56919860839844	-42.27840805053711
-406.755859375	-49.662750244140625	-95.35521697998047
-658.249755859375	711.482177734375	-941.7061767578125
-752.6235961914062	485.4805603027344	-670.491455078125
-1209.43603515625	379.0296630859375	-890.7646484375
272.9508056640625	1139.23095703125	-420.33428955078125
-1928.580810546875	-1219.02392578125	-1332.671875
-216.7631378173828	1311.282470703125	-1151.3870849609375
-279.70709228515625	1647.0423583984375	-1433.4212646484375
3.8933815956115723	18.598848342895508	47.19469451904297
-147.78646850585938	308.04412841796875	-185.5189971923828
620.8040161132812	1757.4046630859375	-77.29502868652344
-1310.2232666015625	-790.4195556640625	-872.1823120117188
-39.694801330566406	51.330078125	67.5840072631836
-193.47885131835938	1683.796142578125	-1707.1705322265625
-124.11249542236328	470.1366271972656	-101.44593811035156
-1005.4678955078125	-622.2109985351562	-622.31298828125
-1005.0048217773438	-622.5216064453125	-622.741943359375
-135.43263244628906	108.25567626953125	122.32763671875
-49.3619384765625	39.39228057861328	44.64340591430664
1170.308349609375	1682.85546875	1151.580810546875
-972.9937744140625	795.4560546875	-1510.6505126953125
-1593.2215576171875	-354.7997741699219	-1277.598388671875
-69.93582153320312	55.91023254394531	63.19749450683594
-33.7373046875	26.917625427246094	30.46373748779297
-820.9608154296875	-153.76039123535156	-603.93115234375
-80.4144058227539	64.19331359863281	72.54631805419922
-487.33245849609375	-85.76657104492188	-69.9850082397461
-302.37347412109375	1528.37060546875	-1533.5262451171875
-830.2669677734375	-412.3802795410156	-161.3917236328125
4.799781799316406	243.28604125976562	-412.703857421875
161.716064453125	898.4635009765625	-450.1202087402344
161.716064453125	898.4635009765625	-450.1202087402344
161.716064453125	898.4635009765625	-450.1202087402344
-72.13555908203125	70.3243408203125	104.02263641357422
-176.48248291015625	172.24099731445312	254.40985107421875
-100.41014862060547	97.92000579833984	144.66030883789062
-137.8603515625	134.6706085205078	198.81491088867188
-67.98240661621094	66.40249633789062	97.947998046875
-154.322509765625	150.70187377929688	222.4564208984375
-1479.1038818359375	-1098.7431640625	-745.696533203125
-37.26481246948242	33.9022216796875	67.76898193359375
-80.2149429321289	292.01025390625	-269.8203125
-124.90167236328125	113.84297943115234	226.49761962890625
-21.12226104736328	19.239742279052734	38.067928314208984
-111.28688049316406	101.39271545410156	201.75445556640625
-57.13873291015625	86.26258087158203	148.92330932617188
657.82958984375	461.5000915527344	479.4488220214844
-11.303750991821289	29.796232223510742	58.59572982788086
1447.0711669921875	760.854248046875	629.770263671875
-12.48617935180664	18.77642822265625	32.36001968383789
-930.3065795898438	-285.097900390625	-600.5001220703125
1078.7431640625	850.8853149414062	592.2507934570312
-1146.25390625	-759.440673828125	-482.57647705078125
340.22515869140625	626.3745727539062	-85.7361068725586
-431.95660400390625	1528.8265380859375	-1064.9754638671875
-305.9242248535156	1358.1796875	-1269.59375
340.22503662109375	626.37451171875	-85.73609161376953
-492.80859375	1988.8416748046875	-1672.5596923828125
-288.6224365234375	1909.9437255859375	-1569.033935546875
-272.8226623535156	1493.98095703125	-1175.96435546875
-341.8188781738281	2267.92138671875	-2042.826904296875
-326.58685302734375	1791.8572998046875	-1412.43994140625
-731.5452880859375	-124.64808654785156	-371.0518798828125
-943.75830078125	1290.8944091796875	-1650.2138671875
-324.67864990234375	1333.0621337890625	-759.1898193359375
-1463.48388671875	-1000.6773681640625	-594.1889038085938
-1664.172119140625	-485.8380126953125	-1220.2567138671875
-1309.2005615234375	-668.96044921875	-387.368896484375
-2274.131591796875	-1403.7744140625	-1020.4934692382812
-388.0853271484375	726.4806518554688	-320.09124755859375
-9.564188003540039	132.39715576171875	194.68939208984375
-376.871337890625	570.39404296875	-549.8848266601562
-0.789189338684082	9.653671264648438	14.263010025024414
1.8333110809326172	-25.867595672607422	-38.05812454223633
-603.134521484375	811.8021240234375	-1404.49755859375
5.512295722961426	111.40006256103516	114.55288696289062
0.8930816650390625	20.184856414794922	20.6402645111084
1909.428955078125	1111.97802734375	710.5706176757812
21.36934471130371	-55.65276336669922	-96.28852844238281
4.3906450271606445	-11.335704803466797	-19.379032135009766
-304.8643798828125	337.2098388671875	-772.6478881835938
414.7674560546875	259.22119140625	230.2591552734375
-960.6188354492188	-678.1971435546875	-480.9776306152344
-898.7896728515625	1331.9443359375	-1988.993408203125
-6.213553428649902	15.693288803100586	27.18599510192871
-2.439960479736328	6.479304313659668	10.912227630615234
-26.59454345703125	69.1334457397461	119.31558227539062
-20.36040687561035	52.912349700927734	91.23532104492188
-1878.544921875	-537.7039184570312	-805.1549682617188
-969.926513671875	332.6021728515625	-797.6344604492188
-287.1973571777344	704.6156005859375	-244.80848693847656
-1424.21533203125	-624.3749389648438	-268.722412109375
-1038.4110107421875	-624.6827392578125	-288.61785888671875
30.438108444213867	65.520263671875	166.06024169921875
-494.8863525390625	1003.496826171875	-1161.398681640625
-169.66238403320312	339.3236083984375	-8.82351303100586
-575.5821533203125	1024.379150390625	-701.40966796875
-3.160456657409668	1068.729736328125	-551.269775390625
-2187.439697265625	-932.1160278320312	-422.3133239746094
-3.160456657409668	1068.729736328125	-551.269775390625
-527.4227294921875	1286.02978515625	-732.3807373046875
-295.6276550292969	717.3161010742188	-546.5885009765625
-26.60500717163086	69.49506378173828	137.0463104248047
-295.6276550292969	717.3161010742188	-546.5885009765625
-856.9581298828125	-473.48870849609375	-120.48430633544922
-613.0464477539062	1486.968017578125	-1153.3167724609375
8.531684875488281	-22.273605346679688	-44.01812744140625
3.321361541748047	-8.623106956481934	-17.08633041381836
-34.39026641845703	89.74455261230469	177.01612854003906
2100.05029296875	1293.242919921875	517.0548095703125
-22.236148834228516	58.292728424072266	114.85396575927734
-15.516576766967773	40.28129196166992	79.67876434326172
9.743368148803711	44.12987518310547	111.28290557861328
-221.28199768066406	600.6595458984375	-206.6182098388672
30.781694412231445	66.03704833984375	167.34034729003906
23.895389556884766	51.335514068603516	130.29042053222656
31.05600357055664	66.90890502929688	169.51129150390625
9.62972354888916	20.577693939208984	52.447566986083984
4.001224517822266	8.54617691040039	21.805147171020508
1496.2421875	592.3211669921875	324.485595703125
2.022857666015625	4.367717742919922	10.897699356079102
6.792533874511719	14.52625846862793	36.87303161621094
24.48961067199707	52.55057144165039	133.2871551513672
-40.860321044921875	-18.427570343017578	-119.9930191040039
44.76399612426758	20.597293853759766	131.41879272460938
8.156776428222656	9.836467742919922	2.6146202087402344
-344.56695556640625	19.19655990600586	1358.20654296875
-198.89236450195312	320.7681579589844	-279.94281005859375
-210.3451385498047	239.85806274414062	-186.02867126464844
-33.28221130371094	-37.50108337402344	-14.034065246582031
-14.752185821533203	-6.634346008300781	-43.35034942626953
122.55475616455078	606.681884765625	-68.4202880859375
58.64813995361328	67.63453674316406	25.46601104736328
122.55475616455078	606.681884765625	-68.4202880859375
122.55475616455078	606.681884765625	-68.4202880859375
-118.02714538574219	-143.3546142578125	1500.2030029296875
-0.5429115295410156	-17.334897994995117	19.077064514160156
225.11199951171875	56.7813720703125	327.2415771484375
122.55475616455078	606.681884765625	-68.4202880859375
151.5655975341797	116.06336975097656	40.11275100708008
122.55475616455078	606.681884765625	-68.4202880859375
-55.76982879638672	-5.2216386795043945	-68.707275390625
-54.65657043457031	6.840312957763672	-96.53219604492188
10.205442428588867	18.72393798828125	7.254330635070801
-15.437885284423828	-6.579507827758789	-43.97926712036133
278.67388916015625	12.957548141479492	-38.0160026550293
-140.49769592285156	-104.99415588378906	-135.7415313720703
-15.740100860595703	-24.888648986816406	-8.142822265625
-22.047231674194336	-37.606475830078125	-128.92904663085938
122.55477142333984	606.6826171875	-68.42024993896484
122.55475616455078	606.681884765625	-68.4202880859375
66.77538299560547	1862.359619140625	50.288963317871094
10.125064849853516	11.711986541748047	4.3817291259765625
34.29304122924805	-20.63274383544922	34.596473693847656
122.55475616455078	606.681884765625	-68.4202880859375
-730.991455078125	463.40960693359375	-202.46319580078125
122.55475616455078	606.681884765625	-68.4202880859375
1735.7369384765625	700.0971069335938	-373.31976318359375
357.27764892578125	281.3505554199219	-115.15596008300781
18.692825317382812	-6.186573028564453	20.566757202148438
239.406005859375	519.841064453125	132.75299072265625
-148.1873779296875	18.400146484375	-262.0740051269531
-165.77728271484375	20.791900634765625	-292.83233642578125
357.27764892578125	281.3505554199219	-115.15596008300781
-1042.57177734375	284.94403076171875	2330.58642578125
662.130126953125	224.48138427734375	171.35101318359375
-865.150146484375	684.84423828125	1289.56884765625
-62.32636642456055	7.835184097290039	-110.18035888671875
-20.323909759521484	17.29153823852539	-88.55754852294922
-533.47705078125	-86.10198974609375	78.41820526123047
13.690958023071289	-1.7059440612792969	24.355615615844727
-276.85296630859375	34.71144104003906	-489.0719299316406
-38.23653793334961	4.966949462890625	-67.76849365234375
38.816558837890625	1.2676172256469727	42.624874114990234
-42.553070068359375	-36.93920135498047	-114.2745132446289
357.27764892578125	281.3505554199219	-115.15596008300781
-59.45296096801758	14.332801818847656	-166.9242706298828
50.74180603027344	261.227294921875	-238.69232177734375
117.95743560791016	194.0162353515625	-53.896968841552734
-67.3017349243164	1148.105712890625	749.283935546875
357.27764892578125	281.3505554199219	-115.15596008300781
-118.00294494628906	70.51287078857422	-118.6141357421875
-87.19686889648438	2.033916473388672	-81.37158966064453
-199.56979370117188	25.085634231567383	-352.5126953125
357.27764892578125	281.3505554199219	-115.15596008300781
34.7252082824707	54.595855712890625	17.87188720703125
56.144859313964844	64.60887145996094	24.498214721679688
-298.73175048828125	370.98992919921875	-318.53564453125
-125.8762435913086	15.795722961425781	-222.27291870117188
-4.574616432189941	-7.267681121826172	-2.2902793884277344
7.2883782386779785	-0.9802532196044922	13.100404739379883
151.5655975341797	116.06336975097656	40.11275100708008
-70.349365234375	211.42630004882812	-236.51063537597656
85.83133697509766	-73.6857681274414	375.903564453125
-65.63377380371094	8.275876998901367	-115.72822570800781
357.27764892578125	281.3505554199219	-115.15596008300781
120.28107452392578	-14.95207691192627	212.6690673828125
-50.50026321411133	12.298317909240723	-141.94537353515625
103.98535919189453	266.1602783203125	42.610877990722656
-1229.73681640625	-273.4800720214844	730.370361328125
48.49747085571289	73.2243423461914	33.63848876953125
-16.520830154418945	3.6925888061523438	-46.21430969238281
68.68714904785156	-0.23365765810012817	8.231738090515137
-47.66779327392578	15.551769256591797	-52.60343551635742
-198.89236450195312	320.7681579589844	-279.94281005859375
-337.651123046875	417.5686340332031	-502.81866455078125
-94.26307678222656	22.65550422668457	-264.8883056640625
64.19481658935547	100.72301483154297	33.04729461669922
-647.0927124023438	998.1126708984375	1153.861083984375
114.08659362792969	16.285717010498047	-17.531286239624023
92.12533569335938	-22.189468383789062	258.7895202636719
-7.452919006347656	-11.615303039550781	-3.6384849548339844
-8.926276206970215	-17.433639526367188	101.70061492919922
-16.496776580810547	88.13394927978516	636.29931640625
20.077972412109375	23.3754940032959	14.524665832519531
51.574398040771484	58.3629035949707	21.765239715576172
25.985279083251953	-6.279772758483887	73.01985168457031
21.8802490234375	-5.18724250793457	61.329490661621094
-19.789207458496094	45.303531646728516	3.2194957733154297
-282.4515686035156	262.07086181640625	-119.6421890258789
-953.2487182617188	-260.35247802734375	-13.73032283782959
-183.36563110351562	-137.22059631347656	-177.26760864257812
-3.6201915740966797	-0.06361865997314453	-3.1894760131835938
151.5655975341797	116.06336975097656	40.11275100708008
44.821197509765625	-10.484580993652344	125.53317260742188
29.041179656982422	32.787864685058594	12.175227165222168
-1.8438940048217773	0.7179117202758789	-5.326102256774902
103.98535919189453	266.1602783203125	42.610877990722656
-27.049060821533203	99.08553314208984	-140.3355255126953
-198.89236450195312	320.7681579589844	-279.94281005859375
14.319150924682617	59.843238830566406	41.45091247558594
-13.539077758789062	3.367399215698242	-38.01374435424805
359.9242858886719	1090.3592529296875	-0.15981292724609375
91.73137664794922	119.73757934570312	61.8715934753418
-464.39715576171875	1394.3603515625	1037.308349609375
-224.68943786621094	398.0914611816406	-1201.869384765625
-9.236200332641602	1.9886715412139893	-25.731319427490234
66.22830200195312	-15.702192306518555	185.64993286132812
33.751441955566406	-29.02004051208496	147.93063354492188
27.725887298583984	32.02408218383789	11.976470947265625
-126.96138000488281	248.17105102539062	-493.72357177734375
-353.20770263671875	327.61590576171875	-269.59918212890625
-11.619340896606445	-14.083213806152344	-4.006992340087891
-26.453624725341797	22.860294342041016	-116.63615417480469
70.19619750976562	-60.26212692260742	307.1834716796875
-13.208148956298828	-21.119525909423828	-9.773002624511719
17.37297248840332	-15.030430793762207	76.5791244506836
208.30870056152344	52.577945709228516	302.9093322753906
239.406005859375	519.841064453125	132.75299072265625
239.406005859375	519.841064453125	132.75299072265625
-129.82777404785156	49.87427520751953	-114.17794799804688
-210.3451385498047	239.85806274414062	-186.02867126464844
-36.709434509277344	31.559978485107422	-160.69979858398438
-969.18212890625	-292.2913513183594	172.663818359375
-63.8023567199707	38.21399688720703	-64.19175720214844
-15.818853378295898	13.55240535736084	-69.24481964111328
32.3927001953125	-27.828012466430664	141.850830078125
-210.3451385498047	239.85806274414062	-186.02867126464844
-70.349365234375	211.42630004882812	-236.51063537597656
278.67388916015625	12.957548141479492	-38.0160026550293
54.66609573364258	100.1304702758789	38.84062957763672
117.95743560791016	194.0162353515625	-53.896968841552734
-210.3451385498047	239.85806274414062	-186.02867126464844
239.406005859375	519.841064453125	132.75299072265625
300.8013916015625	761.4878540039062	132.95211791992188
-81.09040832519531	-2.5978660583496094	-89.08078002929688
239.406005859375	519.841064453125	132.75299072265625
-6.7065887451171875	5.539155960083008	-28.86288070678711
239.4060821533203	519.8411254882812	132.75302124023438
-11.156379699707031	-21.962528228759766	127.5630874633789
44.52050018310547	-9.639392852783203	36.99406814575195
-166.80760192871094	-119.47355651855469	453.5068359375
-9.893896102905273	-19.200620651245117	113.36685180664062
-82.21414184570312	638.8422241210938	469.4081115722656
117.95743560791016	194.0162353515625	-53.896968841552734
311.7310791015625	63.29233169555664	536.534423828125
-936.9381713867188	-228.5640106201172	-202.46609497070312
-18.752273559570312	-36.635189056396484	214.56126403808594
48.60157012939453	38.217384338378906	-113.9586410522461
-210.3451385498047	239.85806274414062	-186.02867126464844
-126.96134948730469	248.171142578125	-493.72357177734375
49.558807373046875	84.28492736816406	288.889404296875
-3.1616439819335938	-5.762704849243164	-2.241046905517578
-31.933156967163086	19.24043846130371	-32.13179016113281
-1.8059616088867188	-3.59720516204834	21.752578735351562
-8.4793062210083	-16.75281524658203	98.17448425292969
-27.44529914855957	-53.5993537902832	314.1834716796875
62.474578857421875	72.08031463623047	27.31020164489746
-545.1558837890625	1041.503662109375	216.31414794921875
117.95743560791016	194.0162353515625	-53.896968841552734
-40.49919128417969	-79.34078979492188	468.5536193847656
117.95743560791016	194.0162353515625	-53.896968841552734
117.95743560791016	194.0162353515625	-53.896968841552734
117.95743560791016	194.0162353515625	-53.896968841552734
5.654575824737549	10.875534057617188	-64.49760437011719
117.95743560791016	194.0162353515625	-53.896968841552734
35.372222900390625	321.540283203125	269.2472229003906
5.132175445556641	8.050506591796875	2.625171661376953
-1058.843017578125	745.0655517578125	-277.3833312988281
16.579727172851562	25.055971145629883	11.5430908203125
662.130126953125	224.48138427734375	171.35101318359375
662.130126953125	224.48138427734375	171.35101318359375
-1529.47900390625	4.920318603515625	1478.701904296875
-218.20413208007812	71.27684020996094	-241.09170532226562
-70.25688171386719	26.64992332458496	-78.99371337890625
4.125326156616211	4.769670486450195	1.8402900695800781
26.742050170898438	-10.366500854492188	23.40006446838379
662.130126953125	224.48138427734375	171.35101318359375
68.6871109008789	-0.23366069793701172	8.231755256652832
-164.01205444335938	-5.225003719329834	-180.26800537109375
300.8013916015625	761.4878540039062	132.95211791992188
5.364818572998047	9.037760734558105	30.81785011291504
-94.27969360351562	-8.751989364624023	-116.132080078125
94.27565002441406	65.81585693359375	275.1796569824219
37.944576263427734	33.83783721923828	51.57301330566406
662.130126953125	224.48138427734375	171.35101318359375
-1476.2757568359375	-24.972023010253906	156.26434326171875
151.5655975341797	116.06336975097656	40.11275100708008
14.319150924682617	59.843238830566406	41.45091247558594
58.22148132324219	51.620059967041016	57.110992431640625
42.4375	1.364044189453125	46.640846252441406
-1927.8900146484375	1265.74658203125	-741.1041870117188
4.647695541381836	7.838991641998291	26.767894744873047
29.768367767333984	10.988204956054688	29.962100982666016
-160.9353790283203	270.7427978515625	-521.563720703125
-1266.8177490234375	1162.2763671875	-748.3594360351562
662.130126953125	224.48138427734375	171.35101318359375
-50.9591064453125	-38.047481536865234	-49.262184143066406
42.4375	1.364044189453125	46.640846252441406
145.6438751220703	126.01081085205078	390.6939697265625
11.241828918457031	9.760007858276367	30.16208267211914
-353.20770263671875	327.61590576171875	-269.59918212890625
300.8013916015625	761.4878540039062	132.95211791992188
-127.4000244140625	27.573596954345703	-105.84007263183594
414.21893310546875	248.20730590820312	90.88457489013672
-373.84722900390625	401.83587646484375	-286.43499755859375
-41.070377349853516	-35.45646667480469	-109.83255004882812
37.944576263427734	33.83783721923828	51.57301330566406
48.40752029418945	33.753143310546875	141.37612915039062
414.21893310546875	248.20730590820312	90.88457489013672
153.02816772460938	701.4828491210938	323.85577392578125
11.60520076751709	3.020252227783203	16.91045379638672
-1.4946308135986328	18.166431427001953	1196.179931640625
-430.4353332519531	-106.58880615234375	27.70408821105957
51.14418029785156	80.18991088867188	26.362789154052734
63.26970672607422	73.59056091308594	45.79256057739258
44.75431823730469	607.8792724609375	33.28989028930664
58.221458435058594	51.620086669921875	57.11098098754883
-27.049060821533203	99.08553314208984	-140.3355255126953
-438.9270324707031	-44.928627014160156	394.0095520019531
151.5655975341797	116.06336975097656	40.11275100708008
158.63101196289062	93.53814697265625	248.1375274658203
33.007904052734375	52.3703498840332	24.200428009033203
-3.9005203247070312	-4.411748886108398	-1.7093181610107422
164.26771545410156	96.82470703125	257.28253173828125
60.184120178222656	90.72584533691406	41.658409118652344
119.72222900390625	70.49884796142578	187.69358825683594
151.5655975341797	116.06336975097656	40.11275100708008
-16.956525802612305	-8.874226570129395	54.490482330322266
-22.94146728515625	9.78772258758545	-18.344640731811523
-27.049060821533203	99.08553314208984	-140.3355255126953
21.2753849029541	12.530811309814453	33.4806022644043
-3.927478790283203	-0.33376312255859375	-4.711036682128906
300.8013916015625	761.4878540039062	132.95211791992188
202.2849578857422	119.16770935058594	316.75665283203125
-298.73175048828125	370.98992919921875	-318.53564453125
40.5782470703125	23.948585510253906	63.31317138671875
-1033.5621337890625	-607.9666748046875	1050.3909912109375
151.5655975341797	116.06336975097656	40.11275100708008
-23.889921188354492	-14.134952545166016	-37.302978515625
-1483.8931884765625	-751.639404296875	876.9898681640625
-26.46417999267578	-18.61450958251953	-77.39170837402344
-241.3534698486328	-180.3699493408203	-233.31021118164062
180.4241180419922	45.51678466796875	262.4111328125
-424.2662353515625	342.8988342285156	-322.59930419921875
-136.2875213623047	660.1634521484375	-37.14796829223633
42.265052795410156	-24.615589141845703	42.53316116333008
241.28724670410156	142.2075958251953	377.80377197265625
-14.700569152832031	8.6527099609375	-14.845714569091797
-3244.91552734375	468.52587890625	1231.85107421875
16.36997413635254	565.9173583984375	-72.77083587646484
-502.5762634277344	359.4456787109375	268.7574768066406
14.319150924682617	59.843238830566406	41.45091247558594
155.63426208496094	31.526329040527344	267.91314697265625
-382.4254455566406	42.44116973876953	752.7220458984375
60.564361572265625	25.962905883789062	56.61167526245117
35.621368408203125	12.797815322875977	36.302791595458984
-1183.158447265625	1667.4901123046875	-989.5035400390625
172.7749481201172	156.15438842773438	-48.2591667175293
-1285.7017822265625	189.9410858154297	513.803466796875
172.7749481201172	156.15438842773438	-48.2591667175293
-191.5945587158203	-143.3470458984375	-185.17967224121094
34.3316650390625	25.611635208129883	33.17414855957031
16.82263946533203	48.25080490112305	15.299942016601562
-1034.5347900390625	952.4859008789062	-377.79638671875
-198.89236450195312	320.7681579589844	-279.94281005859375
-349.84442138671875	251.95481872558594	-90.28209686279297
-210.3451385498047	239.85806274414062	-186.02867126464844
-223.6935577392578	-45.37101745605469	-384.843994140625
100.61734008789062	20.358537673950195	173.15371704101562
-66.59098052978516	-13.455669403076172	-114.60671997070312
73.10504913330078	2.3665170669555664	80.37226104736328
30.545026779174805	568.864501953125	-48.27593994140625
-93.85554504394531	30.74697494506836	-103.83518981933594
58.09235382080078	574.4141845703125	-0.9864578247070312
172.7749481201172	156.15438842773438	-48.2591667175293
-19.789222717285156	45.303524017333984	3.2195005416870117
85.52558898925781	17.322134017944336	147.3682403564453
93.10981750488281	122.20825958251953	63.97846221923828
47.85272216796875	1134.9066162109375	-119.26530456542969
-68.50234985351562	-13.869817733764648	-117.78900146484375
84.24069213867188	2.742002487182617	92.58702087402344
-14.07219123840332	-2.795940399169922	-24.156736373901367
-18.511228561401367	-3.724336862564087	-31.781450271606445
-78.77889251708984	-7.239561080932617	-97.23189544677734
197.84153747558594	184.46231079101562	-42.36061477661133
-49.53947448730469	299.4476623535156	150.60586547851562
197.84153747558594	184.46231079101562	-42.36061477661133
313.15771484375	78.9582290649414	455.32818603515625
-45.02031707763672	-11.370372772216797	-65.39363098144531
194.43447875976562	49.06087112426758	282.73333740234375
69.53114318847656	109.07830810546875	35.682926177978516
48.88622283935547	12.290470123291016	70.98600006103516
-311.9781799316406	448.1808166503906	-729.316650390625
91.31756591796875	106.22959899902344	65.90505981445312
-58.911861419677734	19.258060455322266	-65.12886047363281
42.4375	1.364044189453125	46.640846252441406
90.7782974243164	22.93911361694336	132.0218505859375
229.1315155029297	4.402233123779297	210.47402954101562
-198.89236450195312	320.7681579589844	-279.94281005859375
136.86866760253906	34.431915283203125	199.00054931640625
-22.0023193359375	-16.37115478515625	-21.1365966796875
302.6020202636719	76.41046142578125	439.89154052734375
197.84152221679688	184.4622344970703	-42.360618591308594
-51.24446105957031	-35.752567291259766	-149.571533203125
-51.823089599609375	19.795454025268555	-45.830936431884766
-293.978271484375	260.69921875	-134.5860137939453
-101.795166015625	-71.0788803100586	-297.4554138183594
-355.3308410644531	305.7275085449219	-130.265869140625
-337.651123046875	417.5686340332031	-502.81866455078125
131.73797607421875	92.12150573730469	385.2048645019531
-6.8631696701049805	-4.8082427978515625	-19.95577621459961
8.281038284301758	5.817377090454102	24.167648315429688
23.031444549560547	2.531661033630371	26.275318145751953
14.319150924682617	59.843238830566406	41.45091247558594
14.319150924682617	59.843238830566406	41.45091247558594
12.341649055480957	8.617085456848145	36.01555252075195
14.319150924682617	59.843238830566406	41.45091247558594
37.944576263427734	33.83783721923828	51.57301330566406
19.946163177490234	13.879931449890137	58.539649963378906
28.62717628479004	20.089767456054688	83.77227783203125
50.74180603027344	261.227294921875	-238.69232177734375
14.319156646728516	59.843257904052734	41.45091247558594
50.74180603027344	261.227294921875	-238.69232177734375
206.48814392089844	384.60009765625	34.849853515625
-1311.032470703125	1734.054931640625	-356.44482421875
-142.72320556640625	-106.71931457519531	-137.7878875732422
61.91009521484375	46.240272521972656	59.80890655517578
-359.75830078125	6.13347053527832	158.2722625732422
39.67105484008789	46.04798126220703	28.611282348632812
-125.90596008300781	-4.061595916748047	-138.3065948486328
42.06245422363281	31.489408493041992	40.717613220214844
95.56533813476562	3.1256980895996094	105.087158203125
-147.14703369140625	-110.15581512451172	-142.1696014404297
-10.8856201171875	-0.42391204833984375	-12.061538696289062
50.74180603027344	261.227294921875	-238.69232177734375
153.54718017578125	1282.929443359375	1090.4134521484375
-713.1610107421875	1508.70361328125	-566.032470703125
50.74180603027344	261.227294921875	-238.69232177734375
50.74180603027344	261.227294921875	-238.69232177734375
32.98396682739258	52.363624572753906	24.117835998535156
-20.363780975341797	-24.571918487548828	-6.6517181396484375
192.45840454101562	-131.12417602539062	-319.9689025878906
50.74180603027344	261.227294921875	-238.69232177734375
-1589.4716796875	698.1919555664062	1024.7669677734375
-42.64731216430664	-31.890522003173828	-41.10952377319336
-52.404632568359375	30.521913528442383	-52.56492614746094
-16.529430389404297	10.062888145446777	-16.645978927612305
278.67388916015625	12.957548141479492	-38.0160026550293
-45.59291458129883	27.310436248779297	-45.526763916015625
278.67388916015625	12.957548141479492	-38.0160026550293
278.67388916015625	12.957548141479492	-38.0160026550293
-124.6528549194336	74.405029296875	-125.21966552734375
278.67388916015625	12.957548141479492	-38.0160026550293
-198.89236450195312	320.7681579589844	-279.94281005859375
278.67388916015625	12.957548141479492	-38.0160026550293
278.67388916015625	12.957548141479492	-38.0160026550293
278.67388916015625	12.957548141479492	-38.0160026550293
292.73883056640625	788.0931396484375	459.2705383300781
278.67388916015625	12.957548141479492	-38.0160026550293
133.58497619628906	155.4422149658203	96.40168762207031
278.67388916015625	12.957548141479492	-38.0160026550293
-18.152172088623047	10.76265811920166	-18.220861434936523
57.769432067871094	69.56816864013672	19.2000732421875
-114.68382263183594	68.39507293701172	-115.28080749511719
116.27154541015625	131.2459716796875	48.93206787109375
278.67388916015625	12.957548141479492	-38.0160026550293
68.6871109008789	-0.23366069793701172	8.231755256652832
-52.775123596191406	31.56887435913086	-53.244041442871094
97.00212860107422	109.57078552246094	40.87965393066406
-62.376869201660156	6.083126068115234	-61.57459259033203
-311.9781799316406	448.1808166503906	-729.316650390625
-210.3451385498047	239.85806274414062	-186.02867126464844
141.0775604248047	-14.669376373291016	139.79901123046875
6.748195648193359	19.966625213623047	32.55979537963867
-134.27886962890625	29.086700439453125	-111.51664733886719
68.6871109008789	-0.23366069793701172	8.231755256652832
115.64613342285156	-25.058015823364258	96.07170104980469
-101.7730712890625	10.925958633422852	-101.29653930664062
68.6871109008789	-0.23366069793701172	8.231755256652832
68.6871109008789	-0.23366069793701172	8.231755256652832
68.6871109008789	-0.23366069793701172	8.231755256652832
68.6871109008789	-0.23366069793701172	8.231755256652832
-70.349365234375	211.42630004882812	-236.51063537597656
37.944576263427734	33.83783721923828	51.57301330566406
68.6871109008789	-0.23366069793701172	8.231755256652832
-19.821197509765625	-35.22175216674805	-18.32828140258789
-33.22655487060547	3.2556304931640625	-32.590675354003906
15.860748291015625	1.4790725708007812	19.60882568359375
-71.88146209716797	-6.795160293579102	-87.9759521484375
114.08659362792969	16.285717010498047	-17.531286239624023
105.27825927734375	9.606636047363281	128.0277099609375
-311.9781799316406	448.1808166503906	-729.316650390625
-198.89236450195312	320.7681579589844	-279.94281005859375
-107.59233093261719	-9.889017105102539	-132.98020935058594
114.08659362792969	16.285717010498047	-17.531286239624023
14.231863021850586	15.983650207519531	5.993158340454102
114.08659362792969	16.285717010498047	-17.531286239624023
-822.0880126953125	450.3665771484375	1188.4271240234375
114.08659362792969	16.285717010498047	-17.531286239624023
6.173828125	7.392618179321289	2.0681800842285156
66.59246826171875	6.117044448852539	81.5432357788086
52.65538024902344	4.885292053222656	64.5334701538086
114.08659362792969	16.285717010498047	-17.531286239624023
126.80241394042969	11.663442611694336	156.68923950195312
2.6375999450683594	0.4401226043701172	1.5075035095214844
114.08659362792969	16.285717010498047	-17.531286239624023
57.31998062133789	5.282169342041016	70.75298309326172
86.18372344970703	7.751640319824219	106.85079956054688
-36.395565032958984	-3.3081817626953125	-44.953399658203125
0.7785892486572266	0.033321380615234375	1.0483512878417969
114.08663177490234	16.28572654724121	-17.531288146972656
-6.825395584106445	-0.05507183074951172	-6.132123947143555
59.83601760864258	90.17032623291016	41.43049621582031
37.944576263427734	33.83783721923828	51.57301330566406
-498.1878967285156	-224.37899780273438	418.00970458984375
-239.5330352783203	329.0932312011719	-46.83860778808594
-636.784423828125	209.34368896484375	1035.4027099609375
-74.88692474365234	-1.4659690856933594	-68.79652404785156
-126.96138000488281	248.17105102539062	-493.72357177734375
7.928896903991699	-0.06980419158935547	8.043007850646973
27.49884796142578	25.83411407470703	-50.59890365600586
37.944576263427734	33.83783721923828	51.57301330566406
-329.37060546875	122.81011962890625	1079.48388671875
32.81477355957031	0.6895828247070312	29.81340980529785
-733.47265625	585.5658569335938	-270.24993896484375
-337.651123046875	417.5686340332031	-502.81866455078125
-298.73175048828125	370.98992919921875	-318.53564453125
-38.4293327331543	1388.586181640625	671.798095703125
37.944576263427734	33.83783721923828	51.57301330566406
37.944576263427734	33.83783721923828	51.57301330566406
37.944576263427734	33.83783721923828	51.57301330566406
44.52050018310547	-9.639392852783203	36.99406814575195
44.52050018310547	-9.639392852783203	36.99406814575195
19.850582122802734	-4.325496673583984	16.477388381958008
44.52050018310547	-9.639392852783203	36.99406814575195
-65.2781982421875	14.137130737304688	-54.25166320800781
44.52050018310547	-9.639392852783203	36.99406814575195
33.46597671508789	-7.233358383178711	27.825279235839844
44.52050018310547	-9.639392852783203	36.99406814575195
44.52050018310547	-9.639392852783203	36.99406814575195
-480.49468994140625	104.10552978515625	-399.1007995605469
44.52050018310547	-9.639392852783203	36.99406814575195
44.52050018310547	-9.639392852783203	36.99406814575195
-659.7086181640625	668.8734741210938	-239.14303588867188
44.52050018310547	-9.639392852783203	36.99406814575195
-59.644168853759766	12.962169647216797	-49.60193634033203
-76.8564224243164	196.05209350585938	-197.8314971923828
28.701091766357422	45.05043029785156	14.789314270019531
-19.789207458496094	45.303531646728516	3.2194957733154297
44.52050018310547	-9.639392852783203	36.99406814575195
72.41215515136719	-15.71102523803711	60.159603118896484
-1.233480453491211	-11.633404731750488	-32.159263610839844
-136.55886840820312	52.60203170776367	-119.97665405273438
85.77417755126953	-1.9781875610351562	79.94125366210938
-48.21043014526367	1.1046552658081055	-44.86338806152344
58.22148132324219	51.620059967041016	57.110992431640625
-313.1531982421875	148.607666015625	1091.396484375
77.79197692871094	-1.8449535369873047	72.41114807128906
-47.9924430847168	1.1789789199829102	-44.613311767578125
-71.43705749511719	1.694356918334961	-66.56359100341797
34.691566467285156	-0.8774328231811523	32.38019943237305
-206.5015869140625	4.858664512634277	-192.26991271972656
-160.9353790283203	270.7427978515625	-521.563720703125
95.83705139160156	-2.21675968170166	89.29845428466797
49.490455627441406	19.26958465576172	48.60405349731445
58.22148132324219	51.620059967041016	57.110992431640625
-135.1321258544922	3.245436668395996	-125.82635498046875
78.00729370117188	94.10433959960938	26.110023498535156
58.22148132324219	51.620059967041016	57.110992431640625
-52.443092346191406	1.2497882843017578	-48.941864013671875
111.16255950927734	176.3794403076172	81.4420394897461
-168.4012451171875	3.854983329772949	-156.86431884765625
-110.46101379394531	639.3886108398438	443.2070007324219
-8.337943077087402	0.1663379669189453	-7.72673225402832
58.22148132324219	51.620059967041016	57.110992431640625
-10.761573791503906	0.1866607666015625	-10.107627868652344
58.22148132324219	51.620059967041016	57.110992431640625
-353.20770263671875	327.61590576171875	-269.59918212890625
-233.3175811767578	-7.509734153747559	-256.40545654296875
-163.387939453125	-5.23525333404541	-179.55645751953125
-39.42116165161133	-1.2516908645629883	-43.37547302246094
-157.40817260742188	-5.065906524658203	-172.98660278320312
-27.049060821533203	99.08553314208984	-140.3355255126953
22.791017532348633	47.06005859375	42.23397445678711
42.4375	1.364044189453125	46.640846252441406
-62.477088928222656	-1.9881401062011719	-68.6632308959961
206.48814392089844	384.60009765625	34.849853515625
42.4375	1.364044189453125	46.640846252441406
-26.074491500854492	-0.8551859855651855	-28.661785125732422
-137.90614318847656	-4.423480987548828	-151.5439910888672
139.17173767089844	54.80958557128906	135.7216796875
-284.49591064453125	308.29693603515625	-249.87506103515625
-27.049060821533203	99.08553314208984	-140.3355255126953
227.55723571777344	262.11920166015625	99.08740234375
-57.966346740722656	-1.8972100019454956	-63.73576354980469
-53.118194580078125	20.441177368164062	-46.71018981933594
-78.90399169921875	30.343402862548828	-69.46299743652344
-57.66997528076172	22.21871566772461	-50.81159210205078
56.458045959472656	-21.73052406311035	49.64656066894531
-90.99478912353516	34.97880554199219	-80.0314712524414
-513.6423950195312	-62.97539520263672	505.3780517578125
-162.76730346679688	62.608612060546875	-143.0725860595703
86.05725860595703	251.9954833984375	103.79044342041016
55.69623565673828	62.82278060913086	23.446949005126953
-311.9781799316406	448.1808166503906	-729.316650390625
9.493196487426758	-3.751089096069336	8.183466911315918
86.05725860595703	251.9954833984375	103.79044342041016
86.05725860595703	251.9954833984375	103.79044342041016
86.05725860595703	251.9954833984375	103.79044342041016
18.20903205871582	-7.004480361938477	16.016908645629883
86.05725860595703	251.9954833984375	103.79044342041016
-27.049060821533203	99.08553314208984	-140.3355255126953
-509.67578125	685.03515625	-474.07275390625
86.05725860595703	251.99549865722656	103.79046630859375
19.820396423339844	45.81616973876953	53.036354064941406
-70.3493423461914	211.4263153076172	-236.5105438232422
-39.74566650390625	1679.250244140625	1106.871826171875
-70.349365234375	211.42630004882812	-236.51063537597656
-1143.2550048828125	-615.7152099609375	750.1045532226562
1.6861190795898438	-0.4995155334472656	1.781381607055664
-543.07080078125	682.565185546875	1097.1728515625
206.48814392089844	384.60009765625	34.849853515625
206.48814392089844	384.60009765625	34.849853515625
-160.9353790283203	270.7427978515625	-521.563720703125
76.45885467529297	-24.96735382080078	84.44489288330078
-550.0792236328125	-314.88092041015625	398.8287353515625
-337.651123046875	417.5686340332031	-502.81866455078125
-182.4794921875	59.64441680908203	-201.6930694580078
-57.167091369628906	18.607742309570312	-63.23796844482422
-400.070068359375	883.2828979492188	751.6993408203125
206.48814392089844	384.60009765625	34.849853515625
-331.5848388671875	92.5595703125	-134.7216339111328
-603.921630859375	-140.84593200683594	377.49114990234375
-482.03253173828125	995.8201904296875	1394.784423828125
-638.27392578125	585.5347900390625	-137.01361083984375
-93.28834533691406	-105.96356964111328	509.07080078125
-204.636962890625	357.8766784667969	-98.9332504272461
-552.721923828125	681.6798095703125	1053.7359619140625
-374.19970703125	-43.10395050048828	107.68344116210938
300.8013916015625	761.4878540039062	132.95211791992188
-76.8564224243164	196.05209350585938	-197.8314971923828
-563.659912109375	-156.1050262451172	422.7457275390625
300.8013916015625	761.4878540039062	132.95211791992188
-191.36505126953125	353.1078796386719	-8.824825286865234
300.8013916015625	761.4878540039062	132.95211791992188
-882.3436889648438	-220.24351501464844	592.7706298828125
300.8013916015625	761.4878540039062	132.95211791992188
-1049.318603515625	805.109375	-396.43243408203125
-1169.181884765625	997.8743896484375	-333.9477844238281
300.8013916015625	761.4878540039062	132.95211791992188
-11.369361877441406	-13.130950927734375	-8.150524139404297
300.8013916015625	761.4878540039062	132.95211791992188
300.8013916015625	761.4878540039062	132.95211791992188
-160.9353790283203	270.7427978515625	-521.563720703125
-874.6071166992188	373.5715637207031	1188.3388671875
105.40768432617188	121.34231567382812	45.82908248901367
-70.349365234375	211.42630004882812	-236.51063537597656
47.94731521606445	137.3585205078125	43.55472946166992
-160.9353790283203	270.7427978515625	-521.563720703125
15.249870300292969	43.6692008972168	13.869239807128906
-70.349365234375	211.42630004882812	-236.51063537597656
65.86046600341797	76.42066955566406	-73.40103149414062
-1360.5474853515625	995.804931640625	160.1376953125
-100.41604614257812	2.00775146484375	500.61810302734375
52.687522888183594	150.73731994628906	47.78919219970703
-298.73175048828125	370.98992919921875	-318.53564453125
56.695396423339844	162.24496459960938	51.49177551269531
46.827274322509766	134.0978240966797	42.525577545166016
-70.349365234375	211.42630004882812	-236.51063537597656
-1234.595458984375	540.4969482421875	961.9744873046875
-393.35723876953125	379.27520751953125	-300.5819091796875
-70.349365234375	211.42630004882812	-236.51063537597656
68.36676025390625	125.07464599609375	48.507362365722656
-70.349365234375	211.42630004882812	-236.51063537597656
126.35177612304688	166.50518798828125	87.10791015625
-70.349365234375	211.42630004882812	-236.51063537597656
-23.610549926757812	-43.09191131591797	-16.77726173400879
-76.8564224243164	196.05209350585938	-197.8314971923828
-463.2020263671875	549.9639282226562	-272.6568908691406
-472.1026916503906	533.7119140625	-279.00408935546875
-76.8564224243164	196.05209350585938	-197.8314971923828
54.93358612060547	100.47314453125	39.00874328613281
-76.8564224243164	196.05209350585938	-197.8314971923828
-76.8564224243164	196.05209350585938	-197.8314971923828
-76.8564224243164	196.05209350585938	-197.8314971923828
36.03887176513672	65.9810791015625	25.656536102294922
-133.267822265625	389.6657409667969	-553.135986328125
-76.8564224243164	196.05209350585938	-197.8314971923828
-76.8564224243164	196.05209350585938	-197.8314971923828
-6.8454742431640625	-12.442142486572266	-4.845491409301758
-13.36846923828125	-24.469980239868164	-9.485713958740234
15.543790817260742	28.445842742919922	11.089815139770508
-76.8564224243164	196.05209350585938	-197.8314971923828
-191.89080810546875	20.023283004760742	1007.6505737304688
92.70272064208984	169.6414794921875	65.88180541992188
-76.8564224243164	196.05209350585938	-197.8314971923828
-76.8564224243164	196.05209350585938	-197.8314971923828
32.93915939331055	52.226158142089844	24.138263702392578
-3.3367385864257812	-6.049711227416992	-2.4027366638183594
113.43344116210938	207.45635986328125	80.54672241210938
-3.120968818664551	-5.707080841064453	-2.1980385780334473
-307.1759033203125	158.02066040039062	1095.7587890625
118.83485412597656	188.45909118652344	87.03022766113281
10.828083038330078	17.199668884277344	7.952593803405762
-82.05302429199219	84.99018096923828	380.20440673828125
84.21400451660156	133.54420471191406	61.659027099609375
61.21827697753906	97.14739990234375	44.83411407470703
89.80047607421875	108.26823425292969	29.865577697753906
-298.73175048828125	370.98992919921875	-318.53564453125
-16.796344757080078	-25.275508880615234	-11.633009910583496
39.8004264831543	63.044166564941406	29.124401092529297
-1520.003173828125	1067.31494140625	-526.0435791015625
62.46051025390625	81.40643310546875	42.37132263183594
-1131.554931640625	987.6116943359375	-359.0317687988281
-883.16357421875	104.81611633300781	2434.9365234375
-298.73175048828125	370.98992919921875	-318.53564453125
58.118167877197266	87.66755676269531	40.27832794189453
-298.73175048828125	370.98992919921875	-318.53564453125
-298.73175048828125	370.98992919921875	-318.53564453125
-252.89581298828125	287.30975341796875	-106.91397094726562
-2398.523193359375	1524.365966796875	-319.91351318359375
-297.82373046875	170.05145263671875	811.3497314453125
-28.285600662231445	-42.72118377685547	-19.647552490234375
-2106.109130859375	1275.001953125	-236.34414672851562
-642.9747314453125	410.8955383300781	-207.50875854492188
-337.651123046875	417.5686340332031	-502.81866455078125
-337.651123046875	417.5686340332031	-502.81866455078125
-337.651123046875	417.5686340332031	-502.81866455078125
53.179107666015625	80.15669250488281	36.84651184082031
60.295833587646484	94.69670104980469	30.99056625366211
-337.651123046875	417.5686340332031	-502.81866455078125
78.52857971191406	141.7957763671875	79.07283782958984
10.383434295654297	18.017318725585938	8.031635284423828
2.166034698486328	29.323657989501953	86.02203369140625
-210.3451385498047	239.85806274414062	-186.02867126464844
-210.3451385498047	239.85806274414062	-186.02867126464844
-210.3451385498047	239.85806274414062	-186.02867126464844
12.015060424804688	5.713619232177734	10.717975616455078
-210.3451385498047	239.85806274414062	-186.02867126464844
-391.60906982421875	381.34185791015625	-299.38848876953125
48.16673278808594	58.10700607299805	16.14324188232422
-564.5693359375	681.4078369140625	-87.34402465820312
-311.9781799316406	448.1808166503906	-729.316650390625
248.61102294921875	287.35479736328125	-2224.755615234375
-1342.6575927734375	1056.125732421875	-370.7748718261719
35.202308654785156	19.1447696685791	28.172317504882812
56.44643020629883	63.79829788208008	23.75572395324707
-1027.52294921875	960.4013061523438	-374.6654052734375
-126.96138000488281	248.17105102539062	-493.72357177734375
-126.96138000488281	248.17105102539062	-493.72357177734375
-311.9781799316406	448.1808166503906	-729.316650390625
-198.89236450195312	320.7681579589844	-279.94281005859375
14.191033363342285	17.905424118041992	9.767195701599121
-311.9781799316406	448.1808166503906	-729.316650390625
-311.978271484375	448.1806640625	-729.31640625
133.2312469482422	208.90216064453125	68.60214233398438
-126.96138000488281	248.17105102539062	-493.72357177734375
-590.482177734375	-0.3876667022705078	1563.878173828125
-961.95947265625	769.0965576171875	568.9003295898438
-126.96138000488281	248.17105102539062	-493.72357177734375
-160.9353790283203	270.7427978515625	-521.563720703125
76.40104675292969	119.75165557861328	39.3696403503418
117.9392318725586	185.03335571289062	60.757076263427734
-867.8073120117188	664.2740478515625	-659.5640869140625
-19.789207458496094	45.303531646728516	3.2194957733154297
84.376708984375	37.59776306152344	77.38250732421875
-74.91178131103516	-86.98637390136719	-54.140052795410156
64.55325317382812	75.13388061523438	46.68970489501953
98.11565399169922	113.01687622070312	42.686702728271484
-386.80511474609375	386.9832763671875	-295.8138122558594
-19.789207458496094	45.303531646728516	3.2194957733154297
-353.20770263671875	327.61590576171875	-269.59918212890625
-42.7750129699707	57.56201171875	617.398681640625
-353.20770263671875	327.61590576171875	-269.59918212890625
-353.20770263671875	327.61590576171875	-269.59918212890625
-353.20770263671875	327.61590576171875	-269.59918212890625
54.30852127075195	63.11659240722656	39.17726135253906
25.176250457763672	8.13403034210205	26.689502716064453
-353.20770263671875	327.61590576171875	-269.59918212890625
-353.20770263671875	327.61590576171875	-269.59918212890625
-19.789207458496094	45.303531646728516	3.2194957733154297
0.7580032348632812	0.8013496398925781	0.3094654083251953
-8.59996509552002	-4.0936279296875	-7.540509223937988
25.247303009033203	28.341398239135742	10.654327392578125
72.32560729980469	81.68639373779297	30.513633728027344
-160.9353790283203	270.7427978515625	-521.563720703125
-648.374755859375	67.43702697753906	1901.985595703125
110.60589599609375	124.98095703125	46.586883544921875
-1068.072021484375	914.6473388671875	-391.9027099609375
-198.89236450195312	320.7681579589844	-279.94281005859375
-198.89236450195312	320.7681579589844	-279.94281005859375
-198.89236450195312	320.7681579589844	-279.94281005859375
-863.2505493164062	-41.89667892456055	2173.9609375
-842.6392822265625	-18.56808090209961	2182.7021484375
-104.19651794433594	-117.84260559082031	-43.91371536254883
36.974143981933594	44.58670425415039	12.406045913696289
26.429405212402344	31.865306854248047	8.78787612915039
-1135.960205078125	1048.9007568359375	-501.60400390625
-1089.064697265625	1105.279541015625	-486.09246826171875
-27.049060821533203	99.08553314208984	-140.3355255126953
-214.24899291992188	389.37738037109375	-219.4371337890625
-332.90625	203.176025390625	-141.74087524414062
19.001617431640625	22.89264678955078	6.380714416503906
-27.049060821533203	99.08553314208984	-140.3355255126953
-27.049060821533203	99.08553314208984	-140.3355255126953
122.27854919433594	147.47300720214844	40.76235580444336
-27.049060821533203	99.08553314208984	-140.3355255126953
48.405662536621094	58.315887451171875	16.11526870727539
2.9541282653808594	3.5675582885742188	0.9936256408691406
-34.64085388183594	-41.7586669921875	-11.650049209594727
72.25211334228516	86.96066284179688	24.208759307861328
-13.212479591369629	-15.942371368408203	-4.498327732086182
-27.049060821533203	99.08553314208984	-140.3355255126953
38.68115997314453	44.67409133911133	16.845600128173828
-23.228111267089844	-26.769601821899414	-10.142040252685547
-7.8113250732421875	93.33023834228516	476.1354064941406
-160.9353790283203	270.7427978515625	-521.563720703125
1.3337249755859375	1.5257644653320312	0.6086254119873047
175.86512756347656	202.66221618652344	76.57061004638672
70.60040283203125	81.32843017578125	30.784950256347656
-537.1929931640625	653.1895751953125	-486.12664794921875
-160.9353790283203	270.7427978515625	-521.563720703125
-160.9353790283203	270.7427978515625	-521.563720703125
-160.9353790283203	270.7427978515625	-521.563720703125
-160.9353790283203	270.7427978515625	-521.563720703125
-160.9353790283203	270.7427978515625	-521.563720703125
-160.9353790283203	270.7427978515625	-521.563720703125
-160.9353790283203	270.7427978515625	-521.563720703125
-160.9353790283203	270.7427978515625	-521.563720703125
-403.4180603027344	376.0047607421875	657.399169921875
-8.961356163024902	-4.006129741668701	-8.122447967529297
-626.6876220703125	500.947265625	-301.08343505859375
75.12999725341797	30.726673126220703	71.93325805664062
146.5408935546875	59.4998779296875	140.77468872070312
-19.789207458496094	45.303531646728516	3.2194957733154297
-907.3473510742188	774.6552734375	-432.077880859375
13.707243919372559	5.687823295593262	13.021531105041504
-359.95111083984375	232.13075256347656	-195.96754455566406
96.83451080322266	39.139244079589844	93.3023910522461
161.71664428710938	65.13323211669922	156.05191040039062
102.42229461669922	41.16675567626953	98.915771484375
-16.647274017333984	-6.592357635498047	-16.16561508178711
121.85182189941406	49.877479553222656	116.6666259765625
-19.789207458496094	45.303531646728516	3.2194957733154297
-383.352783203125	-250.0575408935547	992.1107177734375
-19.789207458496094	45.303531646728516	3.2194957733154297
22.195356369018555	31.311779022216797	-5.1611785888671875
-19.789207458496094	45.303531646728516	3.2194957733154297
87.63087463378906	35.4766960144043	84.25326538085938
-19.789222717285156	45.303524017333984	3.2195005416870117